[12:46:44] [main/INFO]: Loading tweak class name net.minecraftforge.fml.common.launcher.FMLTweaker
[12:46:44] [main/INFO]: Using primary tweak class name net.minecraftforge.fml.common.launcher.FMLTweaker
[12:46:44] [main/INFO]: Loading tweak class name optifine.OptiFineForgeTweaker
[12:46:44] [main/INFO]: Calling tweak class net.minecraftforge.fml.common.launcher.FMLTweaker
[12:46:44] [main/INFO]: Forge Mod Loader version 14.23.5.2864 for Minecraft 1.12.2 loading
[12:46:44] [main/INFO]: Java is OpenJDK 64-Bit Server VM, version 1.8.0_442-internal, running on Linux:aarch64:Android-16, installed at /data/data/com.tungsten.fcl/app_runtime/java/jre8
[12:46:44] [main/WARN]: The coremod FMLCorePlugin (net.minecraftforge.fml.relauncher.FMLCorePlugin) is not signed!
[12:46:44] [main/WARN]: The coremod FMLForgePlugin (net.minecraftforge.classloading.FMLForgePlugin) is not signed!
[12:46:44] [main/INFO]: Searching /storage/emulated/0/FCL/.minecraft/favorites/versions/test mods ia/mods for mods
[12:46:44] [main/WARN]: Found FMLCorePluginContainsFMLMod marker in AndroidOptimizationCore-1.2.0.jar. This is not recommended, @Mods should be in a separate jar from the coremod.
[12:46:44] [main/WARN]: The coremod Android Optimization Core (androidoptimizationcore.AOCCorePlugin) is not signed!
[12:46:44] [main/INFO]: Calling tweak class optifine.OptiFineForgeTweaker
[12:46:44] [main/INFO]: [optifine.OptiFineForgeTweaker:dbg:56]: OptiFineForgeTweaker: acceptOptions
[12:46:44] [main/INFO]: [optifine.OptiFineForgeTweaker:dbg:56]: OptiFineForgeTweaker: injectIntoClassLoader
[12:46:44] [main/INFO]: [optifine.OptiFineClassTransformer:dbg:242]: OptiFine ClassTransformer
[12:46:44] [main/INFO]: [optifine.OptiFineClassTransformer:dbg:242]: OptiFine ZIP file: /storage/emulated/0/FCL/.minecraft/favorites/libraries/optifine/OptiFine/1.12.2_HD_U_G5/OptiFine-1.12.2_HD_U_G5-installer.jar
[12:46:44] [main/INFO]: Loading tweak class name net.minecraftforge.fml.common.launcher.FMLInjectionAndSortingTweaker
[12:46:44] [main/INFO]: Loading tweak class name net.minecraftforge.fml.common.launcher.FMLDeobfTweaker
[12:46:44] [main/INFO]: Calling tweak class net.minecraftforge.fml.common.launcher.FMLInjectionAndSortingTweaker
[12:46:44] [main/INFO]: Calling tweak class net.minecraftforge.fml.common.launcher.FMLInjectionAndSortingTweaker
[12:46:44] [main/INFO]: Calling tweak class net.minecraftforge.fml.relauncher.CoreModManager$FMLPluginWrapper
[12:46:46] [main/INFO]: Found valid fingerprint for Minecraft. Certificate fingerprint cd99959656f753dc28d863b46769f7f8fbaefcfc
[12:46:46] [main/ERROR]: FML appears to be missing any signature data. This is not a good thing
[12:46:46] [main/INFO]: Calling tweak class net.minecraftforge.fml.relauncher.CoreModManager$FMLPluginWrapper
[12:46:46] [main/INFO]: Calling tweak class net.minecraftforge.fml.relauncher.CoreModManager$FMLPluginWrapper
[12:46:46] [main/INFO]: Calling tweak class net.minecraftforge.fml.common.launcher.FMLDeobfTweaker
[12:46:46] [main/INFO]: Loading tweak class name net.minecraftforge.fml.common.launcher.TerminalTweaker
[12:46:46] [main/INFO]: Calling tweak class net.minecraftforge.fml.common.launcher.TerminalTweaker
[12:46:46] [main/INFO]: [optifine.OptiFineForgeTweaker:dbg:56]: OptiFineForgeTweaker: getLaunchArguments
[12:46:46] [main/INFO]: Launching wrapped minecraft {net.minecraft.client.main.Main}
[12:46:48] [Client thread/INFO]: Setting user: Raposito9
[12:46:51] [Client thread/INFO]: [OptiFine] *** Reflector Forge ***
[12:46:51] [Client thread/INFO]: [OptiFine] *** Reflector Vanilla ***
[12:46:52] [Client thread/INFO]: LWJGL Version: 3.3.3-snapshot+SNAPSHOT
[12:46:52] [Client thread/INFO]: [org.lwjgl.opengl.Display:setIcon:951]: java.lang.NullPointerException
[12:46:52] [Client thread/INFO]: [org.lwjgl.opengl.Display:setIcon:951]: 	at org.lwjgl.system.Pointer$Default.<init>(Pointer.java:88)
[12:46:52] [Client thread/INFO]: [org.lwjgl.opengl.Display:setIcon:951]: 	at org.lwjgl.system.CustomBuffer.<init>(CustomBuffer.java:25)
[12:46:52] [Client thread/INFO]: [org.lwjgl.opengl.Display:setIcon:951]: 	at org.lwjgl.system.StructBuffer.<init>(StructBuffer.java:20)
[12:46:52] [Client thread/INFO]: [org.lwjgl.opengl.Display:setIcon:951]: 	at org.lwjgl.glfw.GLFWImage$Buffer.<init>(GLFWImage.java:303)
[12:46:52] [Client thread/INFO]: [org.lwjgl.opengl.Display:setIcon:951]: 	at org.lwjgl.opengl.Display.setIcon(Display.java:945)
[12:46:52] [Client thread/INFO]: [org.lwjgl.opengl.Display:setIcon:951]: 	at net.minecraft.client.Minecraft.func_175594_ao(Minecraft.java:680)
[12:46:52] [Client thread/INFO]: [org.lwjgl.opengl.Display:setIcon:951]: 	at net.minecraft.client.Minecraft.func_71384_a(Minecraft.java:456)
[12:46:52] [Client thread/INFO]: [org.lwjgl.opengl.Display:setIcon:951]: 	at net.minecraft.client.Minecraft.func_99999_d(Minecraft.java:378)
[12:46:52] [Client thread/INFO]: [org.lwjgl.opengl.Display:setIcon:951]: 	at net.minecraft.client.main.Main.main(SourceFile:123)
[12:46:52] [Client thread/INFO]: [org.lwjgl.opengl.Display:setIcon:951]: 	at sun.reflect.NativeMethodAccessorImpl.invoke0(Native Method)
[12:46:52] [Client thread/INFO]: [org.lwjgl.opengl.Display:setIcon:951]: 	at sun.reflect.NativeMethodAccessorImpl.invoke(Unknown Source)
[12:46:52] [Client thread/INFO]: [org.lwjgl.opengl.Display:setIcon:951]: 	at sun.reflect.DelegatingMethodAccessorImpl.invoke(Unknown Source)
[12:46:52] [Client thread/INFO]: [org.lwjgl.opengl.Display:setIcon:951]: 	at java.lang.reflect.Method.invoke(Unknown Source)
[12:46:52] [Client thread/INFO]: [org.lwjgl.opengl.Display:setIcon:951]: 	at net.minecraft.launchwrapper.Launch.launch(Launch.java:135)
[12:46:52] [Client thread/INFO]: [org.lwjgl.opengl.Display:setIcon:951]: 	at net.minecraft.launchwrapper.Launch.main(Launch.java:28)
[12:46:52] [Client thread/INFO]: [org.lwjgl.opengl.Display:setIcon:951]: 	at sun.reflect.NativeMethodAccessorImpl.invoke0(Native Method)
[12:46:52] [Client thread/INFO]: [org.lwjgl.opengl.Display:setIcon:951]: 	at sun.reflect.NativeMethodAccessorImpl.invoke(Unknown Source)
[12:46:52] [Client thread/INFO]: [org.lwjgl.opengl.Display:setIcon:951]: 	at sun.reflect.DelegatingMethodAccessorImpl.invoke(Unknown Source)
[12:46:52] [Client thread/INFO]: [org.lwjgl.opengl.Display:setIcon:951]: 	at java.lang.reflect.Method.invoke(Unknown Source)
[12:46:52] [Client thread/INFO]: [org.lwjgl.opengl.Display:setIcon:951]: 	at mio.Wrapper.main(Wrapper.java:21)
[12:46:52] [Client thread/INFO]: [org.lwjgl.opengl.ContextGL:<init>:105]: LWJGLX: ready-handle context created
[12:46:53] [Client thread/INFO]: [org.lwjgl.opengl.GLContext:initCapabilities:13]: LWJGLX: GL caps init
[12:46:53] [Client thread/INFO]: [org.lwjgl.input.GLFWInputImplementation:grabMouse:65]: Grab: false
[12:46:53] [Client thread/INFO]: [OptiFine] 
[12:46:53] [Client thread/INFO]: [OptiFine] OptiFine_1.12.2_HD_U_G5
[12:46:53] [Client thread/INFO]: [OptiFine] Build: 20210124-142939
[12:46:53] [Client thread/INFO]: [OptiFine] OS: Linux (aarch64) version Android-16
[12:46:53] [Client thread/INFO]: [OptiFine] Java: 1.8.0_442-internal, Oracle Corporation
[12:46:53] [Client thread/INFO]: [OptiFine] VM: OpenJDK 64-Bit Server VM (mixed mode), Oracle Corporation
[12:46:53] [Client thread/INFO]: [OptiFine] LWJGL: 3.3.3-snapshot+SNAPSHOT
[12:46:53] [Client thread/INFO]: [OptiFine] OpenGL: zink (Mali-G720 MC7), version 4.6 (Compatibility Profile) Mesa 23.0.4 (git-9ea0decb31), Mesa
[12:46:53] [Client thread/INFO]: [OptiFine] OpenGL Version: 4.6.0
[12:46:53] [Client thread/INFO]: [OptiFine] Maximum texture size: 16384x16384
[12:46:53] [VersionCheck/INFO]: [OptiFine] Checking for new version
[12:46:53] [Client thread/INFO]: [org.lwjgl.glfw.GLFW:glfwSetWindowSize:1212]: GLFW: Set size for window 491007437920, width=1600, height=719
[12:46:53] [Client thread/INFO]: [org.lwjgl.glfw.GLFW:glfwSetWindowSize:1212]: GLFW: Set size for window 491007437920, width=1600, height=719
[12:46:53] [Client thread/INFO]: [org.lwjgl.glfw.GLFW:glfwSetWindowSize:1212]: GLFW: Set size for window 491007437920, width=1600, height=719
[12:46:53] [Client thread/INFO]: [Shaders] OpenGL Version: 4.6 (Compatibility Profile) Mesa 23.0.4 (git-9ea0decb31)
[12:46:53] [Client thread/INFO]: [Shaders] Vendor:  Mesa
[12:46:53] [Client thread/INFO]: [Shaders] Renderer: zink (Mali-G720 MC7)
[12:46:53] [Client thread/INFO]: [Shaders] Capabilities:  2.0  2.1  3.0  3.2  4.0 
[12:46:53] [Client thread/INFO]: [Shaders] GL_MAX_DRAW_BUFFERS: 8
[12:46:53] [Client thread/INFO]: [Shaders] GL_MAX_COLOR_ATTACHMENTS_EXT: 8
[12:46:53] [Client thread/INFO]: [Shaders] GL_MAX_TEXTURE_IMAGE_UNITS: 32
[12:46:53] [Client thread/INFO]: [Shaders] Load shaders configuration.
[12:46:53] [Client thread/INFO]: [Shaders] No shaderpack loaded.
[12:46:53] [Client thread/INFO]: [OptiFine] [Shaders] Delayed loading of block mappings after resources are loaded
[12:46:53] [Client thread/INFO]: [OptiFine] [Shaders] Delayed loading of item mappings after resources are loaded
[12:46:53] [Client thread/INFO]: [OptiFine] [Shaders] Delayed loading of entity mappings after resources are loaded
[12:46:53] [Client thread/INFO]: Forge Mod Loader has detected optifine OptiFine_1.12.2_HD_U_G5, enabling compatibility features
[12:46:53] [Client thread/INFO]: MinecraftForge v14.23.5.2864 Initialized
[12:46:53] [Client thread/INFO]: Starts to replace vanilla recipe ingredients with ore ingredients.
[12:46:53] [Client thread/INFO]: Invalid recipe found with multiple oredict ingredients in the same ingredient...
[12:46:53] [VersionCheck/INFO]: [OptiFine] Version found: G5
[12:46:53] [Client thread/INFO]: Replaced 1227 ore ingredients
[12:46:53] [Client thread/INFO]: Searching /storage/emulated/0/FCL/.minecraft/favorites/versions/test mods ia/mods for mods
[12:46:54] [Client thread/INFO]: Forge Mod Loader has identified 6 mods to load
[12:46:54] [Client thread/INFO]: Attempting connection with missing mods [minecraft, mcp, FML, forge, androidoptimizationcore, androidrendermonitor] at CLIENT
[12:46:54] [Client thread/INFO]: Attempting connection with missing mods [minecraft, mcp, FML, forge, androidoptimizationcore, androidrendermonitor] at SERVER
[12:46:54] [Client thread/INFO]: Reloading ResourceManager: Default, FMLFileResourcePack:Forge Mod Loader, FMLFileResourcePack:Minecraft Forge, FMLFileResourcePack:Android Optimization Core - OptiFine Addon, FMLFileResourcePack:Android Render Monitor
[12:46:54] [Client thread/INFO]: Processing ObjectHolder annotations
[12:46:54] [Client thread/INFO]: Found 1168 ObjectHolder annotations
[12:46:54] [Client thread/INFO]: Identifying ItemStackHolder annotations
[12:46:54] [Client thread/INFO]: Found 0 ItemStackHolder annotations
[12:46:54] [Client thread/INFO]: Configured a dormant chunk cache size of 0
[12:46:54] [Client thread/INFO]: [AOC] OptiFine validated: OptiFine_1.12.2_HD_U_G5
[12:46:54] [Forge Version Check/INFO]: [forge] Starting version check at http://files.minecraftforge.net/maven/net/minecraftforge/forge/promotions_slim.json
[12:46:54] [Client thread/INFO]: Applying holder lookups
[12:46:54] [Client thread/INFO]: Holder lookups applied
[12:46:54] [Client thread/INFO]: Applying holder lookups
[12:46:54] [Client thread/INFO]: Holder lookups applied
[12:46:54] [Client thread/INFO]: Applying holder lookups
[12:46:54] [Client thread/INFO]: Holder lookups applied
[12:46:54] [Client thread/INFO]: Applying holder lookups
[12:46:54] [Client thread/INFO]: Holder lookups applied
[12:46:54] [Client thread/INFO]: Injecting itemstacks
[12:46:54] [Client thread/INFO]: Itemstack injection complete
[12:46:54] [Client thread/INFO]: [OptiFine] *** Reloading textures ***
[12:46:54] [Client thread/INFO]: [OptiFine] Resource packs: Default
[12:46:55] [Forge Version Check/INFO]: [forge] Found status: AHEAD Target: null
[12:46:56] [Sound Library Loader/INFO]: Starting up SoundSystem...
[12:46:57] [Thread-2/INFO]: Initializing LWJGL OpenAL
[12:46:57] [Thread-2/INFO]: (The LWJGL binding of OpenAL.  For more information, see http://www.lwjgl.org)
[12:46:57] [Thread-2/INFO]: OpenAL initialized.
[12:46:57] [Sound Library Loader/INFO]: Sound engine started
[12:46:58] [Client thread/INFO]: [OptiFine] Multitexture: false
[12:46:58] [Client thread/INFO]: [OptiFine] ConnectedTextures: mcpatcher/ctm/default/0_glass_white/glass_pane_white.properties
[12:46:58] [Client thread/INFO]: [OptiFine] ConnectedTextures: mcpatcher/ctm/default/0_glass_white/glass_white.properties
[12:46:58] [Client thread/INFO]: [OptiFine] ConnectedTextures: mcpatcher/ctm/default/10_glass_purple/glass_pane_purple.properties
[12:46:58] [Client thread/INFO]: [OptiFine] ConnectedTextures: mcpatcher/ctm/default/10_glass_purple/glass_purple.properties
[12:46:58] [Client thread/INFO]: [OptiFine] ConnectedTextures: mcpatcher/ctm/default/11_glass_blue/glass_blue.properties
[12:46:58] [Client thread/INFO]: [OptiFine] ConnectedTextures: mcpatcher/ctm/default/11_glass_blue/glass_pane_blue.properties
[12:46:58] [Client thread/INFO]: [OptiFine] ConnectedTextures: mcpatcher/ctm/default/12_glass_brown/glass_brown.properties
[12:46:58] [Client thread/INFO]: [OptiFine] ConnectedTextures: mcpatcher/ctm/default/12_glass_brown/glass_pane_brown.properties
[12:46:58] [Client thread/INFO]: [OptiFine] ConnectedTextures: mcpatcher/ctm/default/13_glass_green/glass_green.properties
[12:46:58] [Client thread/INFO]: [OptiFine] ConnectedTextures: mcpatcher/ctm/default/13_glass_green/glass_pane_green.properties
[12:46:58] [Client thread/INFO]: [OptiFine] ConnectedTextures: mcpatcher/ctm/default/14_glass_red/glass_pane_red.properties
[12:46:58] [Client thread/INFO]: [OptiFine] ConnectedTextures: mcpatcher/ctm/default/14_glass_red/glass_red.properties
[12:46:58] [Client thread/INFO]: [OptiFine] ConnectedTextures: mcpatcher/ctm/default/15_glass_black/glass_black.properties
[12:46:58] [Client thread/INFO]: [OptiFine] ConnectedTextures: mcpatcher/ctm/default/15_glass_black/glass_pane_black.properties
[12:46:58] [Client thread/INFO]: [OptiFine] ConnectedTextures: mcpatcher/ctm/default/1_glass_orange/glass_orange.properties
[12:46:58] [Client thread/INFO]: [OptiFine] ConnectedTextures: mcpatcher/ctm/default/1_glass_orange/glass_pane_orange.properties
[12:46:58] [Client thread/INFO]: [OptiFine] ConnectedTextures: mcpatcher/ctm/default/2_glass_magenta/glass_magenta.properties
[12:46:58] [Client thread/INFO]: [OptiFine] ConnectedTextures: mcpatcher/ctm/default/2_glass_magenta/glass_pane_magenta.properties
[12:46:58] [Client thread/INFO]: [OptiFine] ConnectedTextures: mcpatcher/ctm/default/3_glass_light_blue/glass_light_blue.properties
[12:46:58] [Client thread/INFO]: [OptiFine] ConnectedTextures: mcpatcher/ctm/default/3_glass_light_blue/glass_pane_light_blue.properties
[12:46:58] [Client thread/INFO]: [OptiFine] ConnectedTextures: mcpatcher/ctm/default/4_glass_yellow/glass_pane_yellow.properties
[12:46:58] [Client thread/INFO]: [OptiFine] ConnectedTextures: mcpatcher/ctm/default/4_glass_yellow/glass_yellow.properties
[12:46:58] [Client thread/INFO]: [OptiFine] ConnectedTextures: mcpatcher/ctm/default/5_glass_lime/glass_lime.properties
[12:46:58] [Client thread/INFO]: [OptiFine] ConnectedTextures: mcpatcher/ctm/default/5_glass_lime/glass_pane_lime.properties
[12:46:58] [Client thread/INFO]: [OptiFine] ConnectedTextures: mcpatcher/ctm/default/6_glass_pink/glass_pane_pink.properties
[12:46:58] [Client thread/INFO]: [OptiFine] ConnectedTextures: mcpatcher/ctm/default/6_glass_pink/glass_pink.properties
[12:46:58] [Client thread/INFO]: [OptiFine] ConnectedTextures: mcpatcher/ctm/default/7_glass_gray/glass_gray.properties
[12:46:58] [Client thread/INFO]: [OptiFine] ConnectedTextures: mcpatcher/ctm/default/7_glass_gray/glass_pane_gray.properties
[12:46:58] [Client thread/INFO]: [OptiFine] ConnectedTextures: mcpatcher/ctm/default/8_glass_silver/glass_pane_silver.properties
[12:46:58] [Client thread/INFO]: [OptiFine] ConnectedTextures: mcpatcher/ctm/default/8_glass_silver/glass_silver.properties
[12:46:58] [Client thread/INFO]: [OptiFine] ConnectedTextures: mcpatcher/ctm/default/9_glass_cyan/glass_cyan.properties
[12:46:58] [Client thread/INFO]: [OptiFine] ConnectedTextures: mcpatcher/ctm/default/9_glass_cyan/glass_pane_cyan.properties
[12:46:58] [Client thread/INFO]: [OptiFine] ConnectedTextures: mcpatcher/ctm/default/bookshelf.properties
[12:46:58] [Client thread/INFO]: [OptiFine] ConnectedTextures: mcpatcher/ctm/default/glass.properties
[12:46:58] [Client thread/INFO]: [OptiFine] ConnectedTextures: mcpatcher/ctm/default/glasspane.properties
[12:46:58] [Client thread/INFO]: [OptiFine] ConnectedTextures: mcpatcher/ctm/default/sandstone.properties
[12:46:58] [Client thread/INFO]: [OptiFine] Multipass connected textures: false
[12:46:58] [Client thread/INFO]: [OptiFine] BetterGrass: Parsing default configuration optifine/bettergrass.properties
[12:47:00] [Client thread/INFO]: [OptiFine] Custom loader sprites: 3
[12:47:00] [Client thread/INFO]: [OptiFine] Sprite dependencies: 5
[12:47:00] [Client thread/INFO]: Created: 1024x512 textures-atlas
[12:47:00] [Client thread/INFO]: [OptiFine] Animated sprites: 22
[12:47:01] [Client thread/INFO]: Applying holder lookups
[12:47:01] [Client thread/INFO]: Holder lookups applied
[12:47:01] [Client thread/INFO]: Injecting itemstacks
[12:47:01] [Client thread/INFO]: Itemstack injection complete
[12:47:01] [Client thread/INFO]: Forge Mod Loader has successfully loaded 6 mods
[12:47:01] [Client thread/INFO]: Narrator library successfully loaded
[12:47:02] [Client thread/WARN]: Failed to load shader: minecraft:shaders/post/entity_outline.json
net.minecraft.client.util.JsonException: Invalid shaders/program/blur.fsh: Couldn't compile fragment program: 0:19(7): error: syntax error, unexpected SAMPLE, expecting ',' or ';'
	at net.minecraft.client.shader.ShaderLoader.func_148057_a(ShaderLoader.java:80) ~[cda.class:?]
	at net.minecraft.client.shader.ShaderManager.<init>(ShaderManager.java:147) ~[ccx.class:?]
	at net.minecraft.client.shader.Shader.<init>(SourceFile:28) ~[ccz.class:?]
	at net.minecraft.client.shader.ShaderGroup.func_148023_a(ShaderGroup.java:344) ~[ccy.class:?]
	at net.minecraft.client.shader.ShaderGroup.func_152764_a(ShaderGroup.java:164) ~[ccy.class:?]
	at net.minecraft.client.shader.ShaderGroup.func_152765_a(ShaderGroup.java:98) ~[ccy.class:?]
	at net.minecraft.client.shader.ShaderGroup.<init>(ShaderGroup.java:54) ~[ccy.class:?]
	at net.minecraft.client.renderer.RenderGlobal.func_174966_b(RenderGlobal.java:329) [buy.class:?]
	at net.minecraft.client.Minecraft.func_71384_a(Minecraft.java:569) [bib.class:?]
	at net.minecraft.client.Minecraft.func_99999_d(Minecraft.java:378) [bib.class:?]
	at net.minecraft.client.main.Main.main(SourceFile:123) [Main.class:?]
	at sun.reflect.NativeMethodAccessorImpl.invoke0(Native Method) ~[?:1.8.0_442-internal]
	at sun.reflect.NativeMethodAccessorImpl.invoke(Unknown Source) ~[?:1.8.0_442-internal]
	at sun.reflect.DelegatingMethodAccessorImpl.invoke(Unknown Source) ~[?:1.8.0_442-internal]
	at java.lang.reflect.Method.invoke(Unknown Source) ~[?:1.8.0_442-internal]
	at net.minecraft.launchwrapper.Launch.launch(Launch.java:135) [launchwrapper-1.12.jar:?]
	at net.minecraft.launchwrapper.Launch.main(Launch.java:28) [launchwrapper-1.12.jar:?]
	at sun.reflect.NativeMethodAccessorImpl.invoke0(Native Method) ~[?:1.8.0_442-internal]
	at sun.reflect.NativeMethodAccessorImpl.invoke(Unknown Source) ~[?:1.8.0_442-internal]
	at sun.reflect.DelegatingMethodAccessorImpl.invoke(Unknown Source) ~[?:1.8.0_442-internal]
	at java.lang.reflect.Method.invoke(Unknown Source) ~[?:1.8.0_442-internal]
	at mio.Wrapper.main(Wrapper.java:21) [MioLaunchWrapper.jar:?]
[12:47:02] [Client thread/INFO]: [OptiFine] (Reflector) Class not present: mods.betterfoliage.client.BetterFoliageClient
[12:47:02] [Client thread/INFO]: [OptiFine] *** Reloading custom textures ***
[12:47:05] [Server thread/INFO]: Starting integrated minecraft server version 1.12.2
[12:47:05] [Server thread/INFO]: Generating keypair
[12:47:05] [Server thread/INFO]: Injecting existing registry data into this server instance
[12:47:05] [Server thread/INFO]: Applying holder lookups
[12:47:05] [Server thread/INFO]: Holder lookups applied
[12:47:05] [Server thread/INFO]: Loading dimension 0 (AOC testing Mod) (net.minecraft.server.integrated.IntegratedServer@22d5aa82)
[12:47:06] [Server thread/INFO]: Loaded 488 advancements
[12:47:06] [Server thread/INFO]: Loading dimension -1 (AOC testing Mod) (net.minecraft.server.integrated.IntegratedServer@22d5aa82)
[12:47:06] [Server thread/INFO]: Loading dimension 1 (AOC testing Mod) (net.minecraft.server.integrated.IntegratedServer@22d5aa82)
[12:47:06] [Server thread/INFO]: Preparing start region for level 0
[12:47:07] [Server thread/INFO]: Unloading dimension -1
[12:47:07] [Server thread/INFO]: Unloading dimension 1
[12:47:07] [Server thread/INFO]: Changing view distance to 12, from 10
[12:47:08] [Netty Local Client IO #0/INFO]: Server protocol version 2
[12:47:08] [Netty Server IO #1/INFO]: Client protocol version 2
[12:47:08] [Netty Server IO #1/INFO]: Client attempting to join with 6 mods : minecraft@1.12.2,androidoptimizationcore@1.2.0,androidrendermonitor@1.0.0,FML@8.0.99.99,forge@14.23.5.2864,mcp@9.42
[12:47:08] [Netty Local Client IO #0/INFO]: [Netty Local Client IO #0] Client side modded connection established
[12:47:08] [Server thread/INFO]: [Server thread] Server side modded connection established
[12:47:08] [Server thread/INFO]: Raposito9[local:E:e65804d8] logged in with entity id 155 at (15.91428681697287, 9.0, -1022.6432298647226)
[12:47:08] [Server thread/INFO]: Raposito9 joined the game
[12:47:09] [Server thread/INFO]: Saving and pausing game...
[12:47:09] [Server thread/INFO]: Saving chunks for level 'AOC testing Mod'/overworld
[12:47:09] [Client thread/INFO]: [org.lwjgl.input.GLFWInputImplementation:grabMouse:65]: Grab: true
[12:47:09] [Client thread/INFO]: Loaded 10 advancements
[12:48:01] [Client thread/INFO]: [org.lwjgl.input.GLFWInputImplementation:grabMouse:65]: Grab: false
[12:48:02] [Server thread/INFO]: Saving and pausing game...
[12:48:02] [Server thread/INFO]: Saving chunks for level 'AOC testing Mod'/overworld
[12:48:04] [Client thread/INFO]: [org.lwjgl.glfw.GLFW:glfwSetWindowSize:1212]: GLFW: Set size for window 491007437920, width=1600, height=719
[12:48:05] [Client thread/INFO]: [org.lwjgl.input.GLFWInputImplementation:grabMouse:65]: Grab: true
[12:48:08] [Client thread/INFO]: [org.lwjgl.input.GLFWInputImplementation:grabMouse:65]: Grab: false
[12:48:09] [Client thread/INFO]: [org.lwjgl.input.GLFWInputImplementation:grabMouse:65]: Grab: true
[12:48:09] [Client thread/INFO]: [org.lwjgl.input.GLFWInputImplementation:grabMouse:65]: Grab: false
[12:48:09] [Server thread/INFO]: Saving and pausing game...
[12:48:10] [Server thread/INFO]: Saving chunks for level 'AOC testing Mod'/overworld
[12:48:40] [Server thread/INFO]: Saving and pausing game...
[12:48:40] [Server thread/INFO]: Saving chunks for level 'AOC testing Mod'/overworld
[12:48:42] [Client thread/INFO]: [org.lwjgl.input.GLFWInputImplementation:grabMouse:65]: Grab: true
[12:48:45] [Client thread/INFO]: [CHAT] [Android Render Monitor] ON
[12:48:45] [Client thread/INFO]: [CHAT] [Android Render Monitor] OFF
[12:48:45] [Client thread/INFO]: [CHAT] [Android Render Monitor] ON
[12:48:47] [Client thread/INFO]: [CHAT] [Android Render Monitor] OFF
[12:48:58] [Client thread/INFO]: [org.lwjgl.input.GLFWInputImplementation:grabMouse:65]: Grab: false
[12:48:58] [Server thread/INFO]: Saving and pausing game...
[12:48:58] [Server thread/INFO]: Saving chunks for level 'AOC testing Mod'/overworld
[12:49:07] [Server thread/INFO]: Saving and pausing game...
[12:49:07] [Server thread/INFO]: Saving chunks for level 'AOC testing Mod'/overworld
[12:49:09] [Client thread/INFO]: [org.lwjgl.input.GLFWInputImplementation:grabMouse:65]: Grab: true
[12:49:24] [Client thread/INFO]: [org.lwjgl.input.GLFWInputImplementation:grabMouse:65]: Grab: false
[12:49:24] [Server thread/INFO]: Saving and pausing game...
[12:49:25] [Server thread/INFO]: Saving chunks for level 'AOC testing Mod'/overworld
[12:49:43] [Client thread/INFO]: [org.lwjgl.input.GLFWInputImplementation:grabMouse:65]: Grab: true
[12:49:44] [Client thread/INFO]: [org.lwjgl.input.GLFWInputImplementation:grabMouse:65]: Grab: false
[12:49:44] [Server thread/INFO]: Saving and pausing game...
[12:49:44] [Server thread/INFO]: Saving chunks for level 'AOC testing Mod'/overworld
[12:49:45] [Client thread/INFO]: [org.lwjgl.input.GLFWInputImplementation:grabMouse:65]: Grab: true
[12:49:45] [Client thread/INFO]: [org.lwjgl.input.GLFWInputImplementation:grabMouse:65]: Grab: false
[12:49:45] [Server thread/INFO]: Saving and pausing game...
[12:49:45] [Server thread/INFO]: Saving chunks for level 'AOC testing Mod'/overworld
[12:49:46] [Client thread/INFO]: [org.lwjgl.input.GLFWInputImplementation:grabMouse:65]: Grab: true
[12:49:46] [Client thread/INFO]: [org.lwjgl.input.GLFWInputImplementation:grabMouse:65]: Grab: false
[12:49:46] [Server thread/INFO]: Saving and pausing game...
[12:49:46] [Server thread/INFO]: Saving chunks for level 'AOC testing Mod'/overworld
[12:49:48] [Client thread/INFO]: [org.lwjgl.input.GLFWInputImplementation:grabMouse:65]: Grab: true
[12:50:00] [Client thread/INFO]: [org.lwjgl.input.GLFWInputImplementation:grabMouse:65]: Grab: false
[12:50:00] [Server thread/INFO]: Saving and pausing game...
[12:50:00] [Server thread/INFO]: Saving chunks for level 'AOC testing Mod'/overworld
[12:50:21] [Server thread/INFO]: Saving and pausing game...
[12:50:21] [Server thread/INFO]: Saving chunks for level 'AOC testing Mod'/overworld
[12:50:23] [Client thread/INFO]: [org.lwjgl.input.GLFWInputImplementation:grabMouse:65]: Grab: true
[12:51:25] [Client thread/INFO]: [org.lwjgl.input.GLFWInputImplementation:grabMouse:65]: Grab: false
[12:51:25] [Server thread/INFO]: Saving and pausing game...
[12:51:25] [Server thread/INFO]: Saving chunks for level 'AOC testing Mod'/overworld
[12:51:55] [Client thread/INFO]: [org.lwjgl.input.GLFWInputImplementation:grabMouse:65]: Grab: true
[12:52:09] [Client thread/INFO]: [org.lwjgl.input.GLFWInputImplementation:grabMouse:65]: Grab: false
[12:52:09] [Server thread/INFO]: Saving and pausing game...
[12:52:09] [Server thread/INFO]: Saving chunks for level 'AOC testing Mod'/overworld
[12:52:10] [Client thread/INFO]: [org.lwjgl.input.GLFWInputImplementation:grabMouse:65]: Grab: true
[12:52:52] [Client thread/INFO]: [org.lwjgl.input.GLFWInputImplementation:grabMouse:65]: Grab: false
[12:52:52] [Server thread/INFO]: Saving and pausing game...
[12:52:52] [Server thread/INFO]: Saving chunks for level 'AOC testing Mod'/overworld
[12:53:01] [Client thread/INFO]: [org.lwjgl.glfw.GLFW:glfwSetWindowSize:1212]: GLFW: Set size for window 491007437920, width=1600, height=719
[12:53:09] [Client thread/INFO]: [org.lwjgl.input.GLFWInputImplementation:grabMouse:65]: Grab: true
[12:53:12] [Client thread/INFO]: [org.lwjgl.input.GLFWInputImplementation:grabMouse:65]: Grab: false
[12:53:13] [Server thread/INFO]: Saving and pausing game...
[12:53:13] [Server thread/INFO]: Saving chunks for level 'AOC testing Mod'/overworld
[12:53:15] [Client thread/INFO]: [org.lwjgl.glfw.GLFW:glfwSetWindowSize:1212]: GLFW: Set size for window 491007437920, width=1600, height=719
[12:53:15] [Client thread/INFO]: [org.lwjgl.input.GLFWInputImplementation:grabMouse:65]: Grab: true
[12:53:19] [Client thread/INFO]: [org.lwjgl.input.GLFWInputImplementation:grabMouse:65]: Grab: false
[12:53:21] [Client thread/INFO]: Loaded 11 advancements
[12:53:21] [Client thread/INFO]: [org.lwjgl.input.GLFWInputImplementation:grabMouse:65]: Grab: true
[12:53:22] [Client thread/INFO]: [org.lwjgl.input.GLFWInputImplementation:grabMouse:65]: Grab: false
[12:53:23] [Client thread/INFO]: [org.lwjgl.input.GLFWInputImplementation:grabMouse:65]: Grab: true
[12:53:33] [Client thread/INFO]: [CHAT] [Android Render Monitor] ON
[12:53:48] [Server thread/INFO]: [@: 660 blocks filled]
[12:54:12] [Server thread/INFO]: [@: 660 blocks filled]
[12:56:14] [Server thread/INFO]: [@: 660 blocks filled]
[12:57:12] [Client thread/INFO]: [org.lwjgl.input.GLFWInputImplementation:grabMouse:65]: Grab: false
[12:57:13] [Client thread/INFO]: [org.lwjgl.input.GLFWInputImplementation:grabMouse:65]: Grab: true
[12:57:16] [Server thread/INFO]: [@: Object successfully summoned]
[12:57:16] [Server thread/INFO]: [@: Object successfully summoned]
[12:57:16] [Server thread/INFO]: [@: Object successfully summoned]
[12:57:17] [Server thread/INFO]: [@: Object successfully summoned]
[12:57:17] [Server thread/INFO]: [@: Object successfully summoned]
[12:57:17] [Server thread/INFO]: [@: Object successfully summoned]
[12:57:17] [Server thread/INFO]: [@: Object successfully summoned]
[12:57:17] [Server thread/INFO]: [@: Object successfully summoned]
[12:57:17] [Server thread/INFO]: [@: Object successfully summoned]
[12:57:17] [Server thread/INFO]: [@: Object successfully summoned]
[12:57:17] [Server thread/INFO]: [@: Object successfully summoned]
[12:57:17] [Server thread/INFO]: [@: Object successfully summoned]
[12:57:17] [Server thread/INFO]: [@: Object successfully summoned]
[12:57:17] [Server thread/INFO]: [@: Object successfully summoned]
[12:57:17] [Server thread/INFO]: [@: Object successfully summoned]
[12:57:17] [Server thread/INFO]: [@: Object successfully summoned]
[12:57:17] [Server thread/INFO]: [@: Object successfully summoned]
[12:57:17] [Server thread/INFO]: [@: Object successfully summoned]
[12:57:17] [Server thread/INFO]: [@: Object successfully summoned]
[12:57:17] [Server thread/INFO]: [@: Object successfully summoned]
[12:57:18] [Server thread/INFO]: [@: Object successfully summoned]
[12:57:18] [Server thread/INFO]: [@: Object successfully summoned]
[12:57:18] [Server thread/INFO]: [@: Object successfully summoned]
[12:57:18] [Server thread/INFO]: [@: Object successfully summoned]
[12:57:18] [Server thread/INFO]: [@: Object successfully summoned]
[12:57:18] [Server thread/INFO]: [@: Object successfully summoned]
[12:57:18] [Server thread/INFO]: [@: Object successfully summoned]
[12:57:18] [Server thread/INFO]: [@: Object successfully summoned]
[12:57:18] [Server thread/INFO]: [@: Object successfully summoned]
[12:57:18] [Server thread/INFO]: [@: Object successfully summoned]
[12:57:19] [Server thread/INFO]: [@: Object successfully summoned]
[12:57:19] [Server thread/INFO]: [@: Object successfully summoned]
[12:57:19] [Server thread/INFO]: [@: Object successfully summoned]
[12:57:19] [Server thread/INFO]: [@: Object successfully summoned]
[12:57:19] [Server thread/INFO]: [@: Object successfully summoned]
[12:57:19] [Server thread/INFO]: [@: Object successfully summoned]
[12:57:19] [Server thread/INFO]: [@: Object successfully summoned]
[12:57:19] [Server thread/INFO]: [@: Object successfully summoned]
[12:57:19] [Server thread/INFO]: [@: Object successfully summoned]
[12:57:19] [Server thread/INFO]: [@: Object successfully summoned]
[12:57:20] [Server thread/INFO]: [@: Object successfully summoned]
[12:57:20] [Server thread/INFO]: [@: Object successfully summoned]
[12:57:20] [Server thread/INFO]: [@: Object successfully summoned]
[12:57:20] [Server thread/INFO]: [@: Object successfully summoned]
[12:57:20] [Server thread/INFO]: [@: Object successfully summoned]
[12:57:20] [Server thread/INFO]: [@: Object successfully summoned]
[12:57:20] [Server thread/INFO]: [@: Object successfully summoned]
[12:57:20] [Server thread/INFO]: [@: Object successfully summoned]
[12:57:20] [Server thread/INFO]: [@: Object successfully summoned]
[12:57:20] [Server thread/INFO]: [@: Object successfully summoned]
[12:57:20] [Server thread/INFO]: [@: Object successfully summoned]
[12:57:20] [Server thread/INFO]: [@: Object successfully summoned]
[12:57:20] [Server thread/INFO]: [@: Object successfully summoned]
[12:57:20] [Server thread/INFO]: [@: Object successfully summoned]
[12:57:20] [Server thread/INFO]: [@: Object successfully summoned]
[12:57:21] [Server thread/INFO]: [@: Object successfully summoned]
[12:57:21] [Server thread/INFO]: [@: Object successfully summoned]
[12:57:21] [Server thread/INFO]: [@: Object successfully summoned]
[12:57:21] [Server thread/INFO]: [@: Object successfully summoned]
[12:57:21] [Server thread/INFO]: [@: Object successfully summoned]
[12:57:21] [Server thread/INFO]: [@: Object successfully summoned]
[12:57:21] [Server thread/INFO]: [@: Object successfully summoned]
[12:57:21] [Server thread/INFO]: [@: Object successfully summoned]
[12:57:21] [Server thread/INFO]: [@: Object successfully summoned]
[12:57:21] [Server thread/INFO]: [@: Object successfully summoned]
[12:57:21] [Server thread/INFO]: [@: Object successfully summoned]
[12:57:21] [Server thread/INFO]: [@: Object successfully summoned]
[12:57:21] [Server thread/INFO]: [@: Object successfully summoned]
[12:57:21] [Server thread/INFO]: [@: Object successfully summoned]
[12:57:22] [Server thread/INFO]: [@: Object successfully summoned]
[12:57:22] [Server thread/INFO]: [@: Object successfully summoned]
[12:57:22] [Server thread/INFO]: [@: Object successfully summoned]
[12:57:22] [Server thread/INFO]: [@: Object successfully summoned]
[12:57:22] [Server thread/INFO]: [@: Object successfully summoned]
[12:57:22] [Server thread/INFO]: [@: Object successfully summoned]
[12:57:22] [Server thread/INFO]: [@: Object successfully summoned]
[12:57:22] [Server thread/INFO]: [@: Object successfully summoned]
[12:57:22] [Server thread/INFO]: [@: Object successfully summoned]
[12:57:22] [Server thread/INFO]: [@: Object successfully summoned]
[12:57:22] [Server thread/INFO]: [@: Object successfully summoned]
[12:57:22] [Server thread/INFO]: [@: Object successfully summoned]
[12:57:22] [Server thread/INFO]: [@: Object successfully summoned]
[12:57:23] [Server thread/INFO]: [@: Object successfully summoned]
[12:57:23] [Server thread/INFO]: [@: Object successfully summoned]
[12:57:23] [Server thread/INFO]: [@: Object successfully summoned]
[12:57:23] [Server thread/INFO]: [@: Object successfully summoned]
[12:57:23] [Server thread/INFO]: [@: Object successfully summoned]
[12:57:23] [Server thread/INFO]: [@: Object successfully summoned]
[12:57:23] [Server thread/INFO]: [@: Object successfully summoned]
[12:57:23] [Server thread/INFO]: [@: Object successfully summoned]
[12:57:23] [Server thread/INFO]: [@: Object successfully summoned]
[12:57:23] [Server thread/INFO]: [@: Object successfully summoned]
[12:57:23] [Server thread/INFO]: [@: Object successfully summoned]
[12:57:23] [Server thread/INFO]: [@: Object successfully summoned]
[12:57:23] [Server thread/INFO]: [@: Object successfully summoned]
[12:57:23] [Server thread/INFO]: [@: Object successfully summoned]
[12:57:23] [Server thread/INFO]: [@: Object successfully summoned]
[12:57:23] [Server thread/INFO]: [@: Object successfully summoned]
[12:57:23] [Server thread/INFO]: [@: Object successfully summoned]
[12:57:23] [Server thread/INFO]: [@: Object successfully summoned]
[12:57:24] [Server thread/INFO]: [@: Object successfully summoned]
[12:57:24] [Server thread/INFO]: [@: Object successfully summoned]
[12:57:24] [Server thread/INFO]: [@: Object successfully summoned]
[12:57:24] [Server thread/INFO]: [@: Object successfully summoned]
[12:57:24] [Server thread/INFO]: [@: Object successfully summoned]
[12:57:24] [Server thread/INFO]: [@: Object successfully summoned]
[12:57:24] [Server thread/INFO]: [@: Object successfully summoned]
[12:57:24] [Server thread/INFO]: [@: Object successfully summoned]
[12:57:24] [Server thread/INFO]: [@: Object successfully summoned]
[12:57:24] [Server thread/INFO]: [@: Object successfully summoned]
[12:57:24] [Server thread/INFO]: [@: Object successfully summoned]
[12:57:24] [Server thread/INFO]: [@: Object successfully summoned]
[12:57:24] [Server thread/INFO]: [@: Object successfully summoned]
[12:57:24] [Server thread/INFO]: [@: Object successfully summoned]
[12:57:24] [Server thread/INFO]: [@: Object successfully summoned]
[12:57:24] [Server thread/INFO]: [@: Object successfully summoned]
[12:57:24] [Server thread/INFO]: [@: Object successfully summoned]
[12:57:24] [Server thread/INFO]: [@: Object successfully summoned]
[12:57:25] [Server thread/INFO]: [@: Object successfully summoned]
[12:57:25] [Server thread/INFO]: [@: Object successfully summoned]
[12:57:25] [Server thread/INFO]: [@: Object successfully summoned]
[12:57:25] [Server thread/INFO]: [@: Object successfully summoned]
[12:57:25] [Server thread/INFO]: [@: Object successfully summoned]
[12:57:25] [Server thread/INFO]: [@: Object successfully summoned]
[12:57:25] [Server thread/INFO]: [@: Object successfully summoned]
[12:57:25] [Server thread/INFO]: [@: Object successfully summoned]
[12:57:25] [Server thread/INFO]: [@: Object successfully summoned]
[12:57:25] [Server thread/INFO]: [@: Object successfully summoned]
[12:57:25] [Server thread/INFO]: [@: Object successfully summoned]
[12:57:25] [Server thread/INFO]: [@: Object successfully summoned]
[12:57:25] [Server thread/INFO]: [@: Object successfully summoned]
[12:57:25] [Server thread/INFO]: [@: Object successfully summoned]
[12:57:25] [Server thread/INFO]: [@: Object successfully summoned]
[12:57:25] [Server thread/INFO]: [@: Object successfully summoned]
[12:57:25] [Server thread/INFO]: [@: Object successfully summoned]
[12:57:26] [Server thread/INFO]: [@: Object successfully summoned]
[12:57:26] [Server thread/INFO]: [@: Object successfully summoned]
[12:57:26] [Server thread/INFO]: [@: Object successfully summoned]
[12:57:26] [Server thread/INFO]: [@: Object successfully summoned]
[12:57:26] [Server thread/INFO]: [@: Object successfully summoned]
[12:57:26] [Server thread/INFO]: [@: Object successfully summoned]
[12:57:26] [Server thread/INFO]: [@: Object successfully summoned]
[12:57:26] [Server thread/INFO]: [@: Object successfully summoned]
[12:57:26] [Server thread/INFO]: [@: Object successfully summoned]
[12:57:26] [Server thread/INFO]: [@: Object successfully summoned]
[12:57:26] [Server thread/INFO]: [@: Object successfully summoned]
[12:57:26] [Server thread/INFO]: [@: Object successfully summoned]
[12:57:26] [Server thread/INFO]: [@: Object successfully summoned]
[12:57:26] [Server thread/INFO]: [@: Object successfully summoned]
[12:57:27] [Server thread/INFO]: [@: Object successfully summoned]
[12:57:27] [Server thread/INFO]: [@: Object successfully summoned]
[12:57:27] [Server thread/INFO]: [@: Object successfully summoned]
[12:57:27] [Server thread/INFO]: [@: Object successfully summoned]
[12:57:27] [Server thread/INFO]: [@: Object successfully summoned]
[12:57:27] [Server thread/INFO]: [@: Object successfully summoned]
[12:57:27] [Server thread/INFO]: [@: Object successfully summoned]
[12:57:27] [Server thread/INFO]: [@: Object successfully summoned]
[12:57:27] [Server thread/INFO]: [@: Object successfully summoned]
[12:57:27] [Server thread/INFO]: [@: Object successfully summoned]
[12:57:27] [Server thread/INFO]: [@: Object successfully summoned]
[12:57:27] [Server thread/INFO]: [@: Object successfully summoned]
[12:57:27] [Server thread/INFO]: [@: Object successfully summoned]
[12:57:27] [Server thread/INFO]: [@: Object successfully summoned]
[12:57:27] [Server thread/INFO]: [@: Object successfully summoned]
[12:57:27] [Server thread/INFO]: [@: Object successfully summoned]
[12:57:27] [Server thread/INFO]: [@: Object successfully summoned]
[12:57:28] [Server thread/INFO]: [@: Object successfully summoned]
[12:57:28] [Server thread/INFO]: [@: Object successfully summoned]
[12:57:28] [Server thread/INFO]: [@: Object successfully summoned]
[12:57:28] [Server thread/INFO]: [@: Object successfully summoned]
[12:57:28] [Server thread/INFO]: [@: Object successfully summoned]
[12:57:28] [Server thread/INFO]: [@: Object successfully summoned]
[12:57:28] [Server thread/INFO]: [@: Object successfully summoned]
[12:57:28] [Server thread/INFO]: [@: Object successfully summoned]
[12:57:28] [Server thread/INFO]: [@: Object successfully summoned]
[12:57:28] [Server thread/INFO]: [@: Object successfully summoned]
[12:57:28] [Server thread/INFO]: [@: Object successfully summoned]
[12:57:28] [Server thread/INFO]: [@: Object successfully summoned]
[12:57:28] [Server thread/INFO]: [@: Object successfully summoned]
[12:57:28] [Server thread/INFO]: [@: Object successfully summoned]
[12:57:29] [Server thread/INFO]: [@: Object successfully summoned]
[12:57:29] [Server thread/INFO]: [@: Object successfully summoned]
[12:57:29] [Server thread/INFO]: [@: Object successfully summoned]
[12:57:29] [Server thread/INFO]: [@: Object successfully summoned]
[12:57:29] [Server thread/INFO]: [@: Object successfully summoned]
[12:57:29] [Server thread/INFO]: [@: Object successfully summoned]
[12:57:29] [Server thread/INFO]: [@: Object successfully summoned]
[12:57:29] [Server thread/INFO]: [@: Object successfully summoned]
[12:57:29] [Server thread/INFO]: [@: Object successfully summoned]
[12:57:29] [Server thread/INFO]: [@: Object successfully summoned]
[12:57:29] [Server thread/INFO]: [@: Object successfully summoned]
[12:57:29] [Server thread/INFO]: [@: Object successfully summoned]
[12:57:29] [Server thread/INFO]: [@: Object successfully summoned]
[12:57:29] [Server thread/INFO]: [@: Object successfully summoned]
[12:57:29] [Server thread/INFO]: [@: Object successfully summoned]
[12:57:29] [Server thread/INFO]: [@: Object successfully summoned]
[12:57:29] [Server thread/INFO]: [@: Object successfully summoned]
[12:57:29] [Server thread/INFO]: [@: Object successfully summoned]
[12:57:29] [Server thread/INFO]: [@: Object successfully summoned]
[12:57:30] [Server thread/INFO]: [@: Object successfully summoned]
[12:57:30] [Server thread/INFO]: [@: Object successfully summoned]
[12:57:30] [Server thread/INFO]: [@: Object successfully summoned]
[12:57:30] [Server thread/INFO]: [@: Object successfully summoned]
[12:57:30] [Server thread/INFO]: [@: Object successfully summoned]
[12:57:30] [Server thread/INFO]: [@: Object successfully summoned]
[12:57:30] [Server thread/INFO]: [@: Object successfully summoned]
[12:57:30] [Server thread/INFO]: [@: Object successfully summoned]
[12:57:30] [Server thread/INFO]: [@: Object successfully summoned]
[12:57:30] [Server thread/INFO]: [@: Object successfully summoned]
[12:57:30] [Server thread/INFO]: [@: Object successfully summoned]
[12:57:30] [Server thread/INFO]: [@: Object successfully summoned]
[12:57:30] [Server thread/INFO]: [@: Object successfully summoned]
[12:57:30] [Server thread/INFO]: [@: Object successfully summoned]
[12:57:30] [Server thread/INFO]: [@: Object successfully summoned]
[12:57:30] [Server thread/INFO]: [@: Object successfully summoned]
[12:57:30] [Server thread/INFO]: [@: Object successfully summoned]
[12:57:30] [Server thread/INFO]: [@: Object successfully summoned]
[12:57:30] [Server thread/INFO]: [@: Object successfully summoned]
[12:57:31] [Server thread/INFO]: [@: Object successfully summoned]
[12:57:31] [Server thread/INFO]: [@: Object successfully summoned]
[12:57:39] [Client thread/INFO]: Loaded 14 advancements
[12:58:30] [Client thread/INFO]: [org.lwjgl.input.GLFWInputImplementation:grabMouse:65]: Grab: false
[12:58:32] [Client thread/INFO]: [org.lwjgl.input.GLFWInputImplementation:grabMouse:65]: Grab: true
[12:59:32] [Client thread/INFO]: [org.lwjgl.input.GLFWInputImplementation:grabMouse:65]: Grab: false
[12:59:32] [Server thread/INFO]: Saving and pausing game...
[12:59:32] [Server thread/INFO]: Saving chunks for level 'AOC testing Mod'/overworld
[12:59:32] [Client thread/INFO]: [org.lwjgl.input.GLFWInputImplementation:grabMouse:65]: Grab: true
[12:59:33] [Client thread/INFO]: [org.lwjgl.input.GLFWInputImplementation:grabMouse:65]: Grab: false
[12:59:33] [Server thread/INFO]: Saving and pausing game...
[12:59:33] [Server thread/INFO]: Saving chunks for level 'AOC testing Mod'/overworld
[12:59:34] [Client thread/INFO]: [org.lwjgl.input.GLFWInputImplementation:grabMouse:65]: Grab: true
[12:59:35] [Server thread/INFO]: [@: Killed Blaze]
[12:59:35] [Server thread/INFO]: [@: Killed Blaze]
[12:59:35] [Server thread/INFO]: [@: Killed Blaze]
[12:59:35] [Server thread/INFO]: [@: Killed Blaze]
[12:59:35] [Server thread/INFO]: [@: Killed Blaze]
[12:59:35] [Server thread/INFO]: [@: Killed Blaze]
[12:59:35] [Server thread/INFO]: [@: Killed Blaze]
[12:59:35] [Server thread/INFO]: [@: Killed Blaze]
[12:59:35] [Server thread/INFO]: [@: Killed Blaze]
[12:59:35] [Server thread/INFO]: [@: Killed Blaze]
[12:59:35] [Server thread/INFO]: [@: Killed Blaze]
[12:59:35] [Server thread/INFO]: [@: Killed Blaze]
[12:59:35] [Server thread/INFO]: [@: Killed Blaze]
[12:59:35] [Server thread/INFO]: [@: Killed Blaze]
[12:59:35] [Server thread/INFO]: [@: Killed Blaze]
[12:59:35] [Server thread/INFO]: [@: Killed Blaze]
[12:59:35] [Server thread/INFO]: [@: Killed Blaze]
[12:59:35] [Server thread/INFO]: [@: Killed Blaze]
[12:59:35] [Server thread/INFO]: [@: Killed Blaze]
[12:59:35] [Server thread/INFO]: [@: Killed Blaze]
[12:59:35] [Server thread/INFO]: [@: Killed Blaze]
[12:59:35] [Server thread/INFO]: [@: Killed Blaze]
[12:59:35] [Server thread/INFO]: [@: Killed Blaze]
[12:59:35] [Server thread/INFO]: [@: Killed Blaze]
[12:59:35] [Server thread/INFO]: [@: Killed Blaze]
[12:59:35] [Server thread/INFO]: [@: Killed Blaze]
[12:59:35] [Server thread/INFO]: [@: Killed Blaze]
[12:59:35] [Server thread/INFO]: [@: Killed Blaze]
[12:59:35] [Server thread/INFO]: [@: Killed Blaze]
[12:59:35] [Server thread/INFO]: [@: Killed Blaze]
[12:59:35] [Server thread/INFO]: [@: Killed Blaze]
[12:59:35] [Server thread/INFO]: [@: Killed Blaze]
[12:59:35] [Server thread/INFO]: [@: Killed Blaze]
[12:59:35] [Server thread/INFO]: [@: Killed Blaze]
[12:59:35] [Server thread/INFO]: [@: Killed Blaze]
[12:59:35] [Server thread/INFO]: [@: Killed Blaze]
[12:59:35] [Server thread/INFO]: [@: Killed Blaze]
[12:59:35] [Server thread/INFO]: [@: Killed Blaze]
[12:59:35] [Server thread/INFO]: [@: Killed Blaze]
[12:59:35] [Server thread/INFO]: [@: Killed Blaze]
[12:59:35] [Server thread/INFO]: [@: Killed Blaze]
[12:59:35] [Server thread/INFO]: [@: Killed Blaze]
[12:59:35] [Server thread/INFO]: [@: Killed Blaze]
[12:59:35] [Server thread/INFO]: [@: Killed Blaze]
[12:59:35] [Server thread/INFO]: [@: Killed Blaze]
[12:59:35] [Server thread/INFO]: [@: Killed Blaze]
[12:59:35] [Server thread/INFO]: [@: Killed Blaze]
[12:59:35] [Server thread/INFO]: [@: Killed Blaze]
[12:59:35] [Server thread/INFO]: [@: Killed Blaze]
[12:59:35] [Server thread/INFO]: [@: Killed Blaze]
[12:59:35] [Server thread/INFO]: [@: Killed Blaze]
[12:59:35] [Server thread/INFO]: [@: Killed Blaze]
[12:59:35] [Server thread/INFO]: [@: Killed Blaze]
[12:59:35] [Server thread/INFO]: [@: Killed Blaze]
[12:59:35] [Server thread/INFO]: [@: Killed Blaze]
[12:59:35] [Server thread/INFO]: [@: Killed Blaze]
[12:59:35] [Server thread/INFO]: [@: Killed Blaze]
[12:59:35] [Server thread/INFO]: [@: Killed Blaze]
[12:59:35] [Server thread/INFO]: [@: Killed Blaze]
[12:59:35] [Server thread/INFO]: [@: Killed Blaze]
[12:59:35] [Server thread/INFO]: [@: Killed Blaze]
[12:59:35] [Server thread/INFO]: [@: Killed Blaze]
[12:59:35] [Server thread/INFO]: [@: Killed Blaze]
[12:59:35] [Server thread/INFO]: [@: Killed Blaze]
[12:59:35] [Server thread/INFO]: [@: Killed Blaze]
[12:59:35] [Server thread/INFO]: [@: Killed Blaze]
[12:59:35] [Server thread/INFO]: [@: Killed Blaze]
[12:59:35] [Server thread/INFO]: [@: Killed Blaze]
[12:59:35] [Server thread/INFO]: [@: Killed Blaze]
[12:59:35] [Server thread/INFO]: [@: Killed Blaze]
[12:59:35] [Server thread/INFO]: [@: Killed Blaze]
[12:59:35] [Server thread/INFO]: [@: Killed Blaze]
[12:59:35] [Server thread/INFO]: [@: Killed Blaze]
[12:59:35] [Server thread/INFO]: [@: Killed Blaze]
[12:59:35] [Server thread/INFO]: [@: Killed Blaze]
[12:59:35] [Server thread/INFO]: [@: Killed Blaze]
[12:59:35] [Server thread/INFO]: [@: Killed Blaze]
[12:59:35] [Server thread/INFO]: [@: Killed Blaze]
[12:59:35] [Server thread/INFO]: [@: Killed Blaze]
[12:59:35] [Server thread/INFO]: [@: Killed Blaze]
[12:59:35] [Server thread/INFO]: [@: Killed Blaze]
[12:59:35] [Server thread/INFO]: [@: Killed Blaze]
[12:59:35] [Server thread/INFO]: [@: Killed Blaze]
[12:59:35] [Server thread/INFO]: [@: Killed Blaze]
[12:59:35] [Server thread/INFO]: [@: Killed Blaze]
[12:59:35] [Server thread/INFO]: [@: Killed Blaze]
[12:59:35] [Server thread/INFO]: [@: Killed Blaze]
[12:59:35] [Server thread/INFO]: [@: Killed Blaze]
[12:59:35] [Server thread/INFO]: [@: Killed Blaze]
[12:59:35] [Server thread/INFO]: [@: Killed Blaze]
[12:59:35] [Server thread/INFO]: [@: Killed Blaze]
[12:59:35] [Server thread/INFO]: [@: Killed Blaze]
[12:59:35] [Server thread/INFO]: [@: Killed Blaze]
[12:59:35] [Server thread/INFO]: [@: Killed Blaze]
[12:59:35] [Server thread/INFO]: [@: Killed Blaze]
[12:59:35] [Server thread/INFO]: [@: Killed Blaze]
[12:59:35] [Server thread/INFO]: [@: Killed Blaze]
[12:59:35] [Server thread/INFO]: [@: Killed Blaze]
[12:59:35] [Server thread/INFO]: [@: Killed Blaze]
[12:59:35] [Server thread/INFO]: [@: Killed Blaze]
[12:59:35] [Server thread/INFO]: [@: Killed Blaze]
[12:59:35] [Server thread/INFO]: [@: Killed Blaze]
[12:59:35] [Server thread/INFO]: [@: Killed Blaze]
[12:59:35] [Server thread/INFO]: [@: Killed Blaze]
[12:59:35] [Server thread/INFO]: [@: Killed Blaze]
[12:59:35] [Server thread/INFO]: [@: Killed Blaze]
[12:59:35] [Server thread/INFO]: [@: Killed Blaze]
[12:59:35] [Server thread/INFO]: [@: Killed Blaze]
[12:59:35] [Server thread/INFO]: [@: Killed Blaze]
[12:59:35] [Server thread/INFO]: [@: Killed Blaze]
[12:59:35] [Server thread/INFO]: [@: Killed Blaze]
[12:59:35] [Server thread/INFO]: [@: Killed Blaze]
[12:59:35] [Server thread/INFO]: [@: Killed Blaze]
[12:59:35] [Server thread/INFO]: [@: Killed Blaze]
[12:59:35] [Server thread/INFO]: [@: Killed Blaze]
[12:59:35] [Server thread/INFO]: [@: Killed Blaze]
[12:59:35] [Server thread/INFO]: [@: Killed Blaze]
[12:59:35] [Server thread/INFO]: [@: Killed Blaze]
[12:59:35] [Server thread/INFO]: [@: Killed Blaze]
[12:59:35] [Server thread/INFO]: [@: Killed Blaze]
[12:59:35] [Server thread/INFO]: [@: Killed Blaze]
[12:59:35] [Server thread/INFO]: [@: Killed Blaze]
[12:59:35] [Server thread/INFO]: [@: Killed Blaze]
[12:59:35] [Server thread/INFO]: [@: Killed Blaze]
[12:59:35] [Server thread/INFO]: [@: Killed Blaze]
[12:59:35] [Server thread/INFO]: [@: Killed Blaze]
[12:59:35] [Server thread/INFO]: [@: Killed Blaze]
[12:59:35] [Server thread/INFO]: [@: Killed Blaze]
[12:59:35] [Server thread/INFO]: [@: Killed Blaze]
[12:59:35] [Server thread/INFO]: [@: Killed Blaze]
[12:59:35] [Server thread/INFO]: [@: Killed Blaze]
[12:59:35] [Server thread/INFO]: [@: Killed Blaze]
[12:59:35] [Server thread/INFO]: [@: Killed Blaze]
[12:59:35] [Server thread/INFO]: [@: Killed Blaze]
[12:59:35] [Server thread/INFO]: [@: Killed Blaze]
[12:59:35] [Server thread/INFO]: [@: Killed Blaze]
[12:59:35] [Server thread/INFO]: [@: Killed Blaze]
[12:59:35] [Server thread/INFO]: [@: Killed Blaze]
[12:59:35] [Server thread/INFO]: [@: Killed Blaze]
[12:59:35] [Server thread/INFO]: [@: Killed Blaze]
[12:59:35] [Server thread/INFO]: [@: Killed Blaze]
[12:59:35] [Server thread/INFO]: [@: Killed Blaze]
[12:59:35] [Server thread/INFO]: [@: Killed Blaze]
[12:59:35] [Server thread/INFO]: [@: Killed Blaze]
[12:59:35] [Server thread/INFO]: [@: Killed Blaze]
[12:59:35] [Server thread/INFO]: [@: Killed Blaze]
[12:59:35] [Server thread/INFO]: [@: Killed Blaze]
[12:59:35] [Server thread/INFO]: [@: Killed Blaze]
[12:59:35] [Server thread/INFO]: [@: Killed Blaze]
[12:59:35] [Server thread/INFO]: [@: Killed Blaze]
[12:59:35] [Server thread/INFO]: [@: Killed Blaze]
[12:59:35] [Server thread/INFO]: [@: Killed Blaze]
[12:59:35] [Server thread/INFO]: [@: Killed Blaze]
[12:59:35] [Server thread/INFO]: [@: Killed Blaze]
[12:59:35] [Server thread/INFO]: [@: Killed Blaze]
[12:59:35] [Server thread/INFO]: [@: Killed Blaze]
[12:59:35] [Server thread/INFO]: [@: Killed Blaze]
[12:59:35] [Server thread/INFO]: [@: Killed Blaze]
[12:59:35] [Server thread/INFO]: [@: Killed Blaze]
[12:59:35] [Server thread/INFO]: [@: Killed Blaze]
[12:59:35] [Server thread/INFO]: [@: Killed Blaze]
[12:59:35] [Server thread/INFO]: [@: Killed Blaze]
[12:59:35] [Server thread/INFO]: [@: Killed Blaze]
[12:59:35] [Server thread/INFO]: [@: Killed Blaze]
[12:59:35] [Server thread/INFO]: [@: Killed Blaze]
[12:59:35] [Server thread/INFO]: [@: Killed Blaze]
[12:59:35] [Server thread/INFO]: [@: Killed Blaze]
[12:59:35] [Server thread/INFO]: [@: Killed Blaze]
[12:59:35] [Server thread/INFO]: [@: Killed Blaze]
[12:59:35] [Server thread/INFO]: [@: Killed Blaze]
[12:59:35] [Server thread/INFO]: [@: Killed Blaze]
[12:59:35] [Server thread/INFO]: [@: Killed Blaze]
[12:59:35] [Server thread/INFO]: [@: Killed Blaze]
[12:59:35] [Server thread/INFO]: [@: Killed Blaze]
[12:59:35] [Server thread/INFO]: [@: Killed Blaze]
[12:59:35] [Server thread/INFO]: [@: Killed Blaze]
[12:59:35] [Server thread/INFO]: [@: Killed Blaze]
[12:59:35] [Server thread/INFO]: [@: Killed Blaze]
[12:59:35] [Server thread/INFO]: [@: Killed Blaze]
[12:59:35] [Server thread/INFO]: [@: Killed Blaze]
[12:59:35] [Server thread/INFO]: [@: Killed Blaze]
[12:59:35] [Server thread/INFO]: [@: Killed Blaze]
[12:59:35] [Server thread/INFO]: [@: Killed Blaze]
[12:59:35] [Server thread/INFO]: [@: Killed Blaze]
[12:59:35] [Server thread/INFO]: [@: Killed Blaze]
[12:59:35] [Server thread/INFO]: [@: Killed Blaze]
[12:59:35] [Server thread/INFO]: [@: Killed Blaze]
[12:59:35] [Server thread/INFO]: [@: Killed Blaze]
[12:59:35] [Server thread/INFO]: [@: Killed Blaze]
[12:59:35] [Server thread/INFO]: [@: Killed Blaze]
[12:59:35] [Server thread/INFO]: [@: Killed Blaze]
[12:59:35] [Server thread/INFO]: [@: Killed Blaze]
[12:59:35] [Server thread/INFO]: [@: Killed Blaze]
[12:59:35] [Server thread/INFO]: [@: Killed Blaze]
[12:59:35] [Server thread/INFO]: [@: Killed Blaze]
[12:59:35] [Server thread/INFO]: [@: Killed Blaze]
[12:59:35] [Server thread/INFO]: [@: Killed Blaze]
[12:59:35] [Server thread/INFO]: [@: Killed Blaze]
[12:59:35] [Server thread/INFO]: [@: Killed Blaze]
[12:59:35] [Server thread/INFO]: [@: Killed Blaze]
[12:59:35] [Server thread/INFO]: [@: Killed Blaze]
[12:59:35] [Server thread/INFO]: [@: Killed Blaze]
[12:59:35] [Server thread/INFO]: [@: Killed Blaze]
[12:59:35] [Server thread/INFO]: [@: Killed Blaze]
[12:59:35] [Server thread/INFO]: [@: Killed Blaze]
[12:59:35] [Server thread/INFO]: [@: Killed Blaze]
[12:59:35] [Server thread/INFO]: [@: Killed Blaze]
[12:59:35] [Server thread/INFO]: [@: Killed Blaze]
[12:59:35] [Server thread/INFO]: [@: Killed Blaze]
[12:59:35] [Server thread/INFO]: [@: Killed Blaze]
[12:59:35] [Server thread/INFO]: [@: Killed Blaze]
[12:59:35] [Server thread/INFO]: [@: Killed Blaze]
[12:59:35] [Server thread/INFO]: [@: Killed Blaze]
[12:59:35] [Server thread/INFO]: [@: Killed Blaze]
[12:59:35] [Server thread/INFO]: [@: Killed Blaze]
[12:59:35] [Server thread/INFO]: [@: Killed Blaze]
[12:59:35] [Server thread/INFO]: [@: Killed Blaze]
[12:59:35] [Server thread/INFO]: [@: Killed Blaze]
[12:59:35] [Server thread/INFO]: [@: Killed Blaze]
[12:59:35] [Server thread/INFO]: [@: Killed Blaze]
[12:59:36] [Client thread/INFO]: [org.lwjgl.input.GLFWInputImplementation:grabMouse:65]: Grab: false
[12:59:37] [Client thread/INFO]: [org.lwjgl.input.GLFWInputImplementation:grabMouse:65]: Grab: true
[12:59:49] [Server thread/INFO]: [@: Block placed]
[12:59:49] [Server thread/INFO]: [@: Block placed]
[12:59:49] [Server thread/INFO]: [@: Block placed]
[12:59:49] [Server thread/INFO]: [@: Block placed]
[12:59:49] [Server thread/INFO]: [@: Block placed]
[12:59:49] [Server thread/INFO]: [@: Block placed]
[12:59:49] [Server thread/INFO]: [@: Block placed]
[12:59:49] [Server thread/INFO]: [@: Block placed]
[12:59:49] [Server thread/INFO]: [@: Block placed]
[12:59:49] [Server thread/INFO]: [@: Block placed]
[12:59:49] [Server thread/INFO]: [@: Block placed]
[12:59:49] [Server thread/INFO]: [@: Block placed]
[12:59:49] [Server thread/INFO]: [@: Block placed]
[12:59:49] [Server thread/INFO]: [@: Block placed]
[12:59:49] [Server thread/INFO]: [@: Block placed]
[12:59:49] [Server thread/INFO]: [@: Block placed]
[12:59:49] [Server thread/INFO]: [@: Block placed]
[12:59:49] [Server thread/INFO]: [@: Block placed]
[12:59:49] [Server thread/INFO]: [@: Block placed]
[12:59:49] [Server thread/INFO]: [@: Block placed]
[12:59:55] [Client thread/INFO]: [org.lwjgl.input.GLFWInputImplementation:grabMouse:65]: Grab: false
[12:59:56] [Client thread/INFO]: [org.lwjgl.input.GLFWInputImplementation:grabMouse:65]: Grab: true
[12:59:59] [Client thread/INFO]: [org.lwjgl.input.GLFWInputImplementation:grabMouse:65]: Grab: false
[12:59:59] [Server thread/INFO]: Saving and pausing game...
[12:59:59] [Server thread/INFO]: Saving chunks for level 'AOC testing Mod'/overworld
[13:00:01] [Client thread/INFO]: [org.lwjgl.input.GLFWInputImplementation:grabMouse:65]: Grab: true
[13:00:03] [Client thread/INFO]: [org.lwjgl.input.GLFWInputImplementation:grabMouse:65]: Grab: false
[13:00:03] [Server thread/INFO]: Saving and pausing game...
[13:00:03] [Server thread/INFO]: Saving chunks for level 'AOC testing Mod'/overworld
[13:00:31] [Client thread/INFO]: [org.lwjgl.input.GLFWInputImplementation:grabMouse:65]: Grab: true
[13:00:31] [Client thread/INFO]: [CHAT] Command set: /setblock -37 10 -984 dirt
[13:00:32] [Client thread/INFO]: [org.lwjgl.input.GLFWInputImplementation:grabMouse:65]: Grab: false
[13:00:34] [Client thread/INFO]: [org.lwjgl.input.GLFWInputImplementation:grabMouse:65]: Grab: true
[13:00:36] [Server thread/INFO]: [@: Block placed]
[13:00:37] [Client thread/INFO]: [org.lwjgl.input.GLFWInputImplementation:grabMouse:65]: Grab: false
[13:00:37] [Server thread/INFO]: Saving and pausing game...
[13:00:37] [Server thread/INFO]: Saving chunks for level 'AOC testing Mod'/overworld
[13:00:39] [Client thread/INFO]: [org.lwjgl.input.GLFWInputImplementation:grabMouse:65]: Grab: true
[13:00:39] [Client thread/INFO]: [CHAT] Command set: /setblock -37 10 -984 dirt
[13:00:45] [Client thread/INFO]: [org.lwjgl.input.GLFWInputImplementation:grabMouse:65]: Grab: false
[13:00:45] [Server thread/INFO]: Saving and pausing game...
[13:00:45] [Server thread/INFO]: Saving chunks for level 'AOC testing Mod'/overworld
[13:00:46] [Client thread/INFO]: [org.lwjgl.input.GLFWInputImplementation:grabMouse:65]: Grab: true
[13:00:46] [Client thread/INFO]: [org.lwjgl.input.GLFWInputImplementation:grabMouse:65]: Grab: false
[13:00:46] [Server thread/INFO]: Saving and pausing game...
[13:00:46] [Server thread/INFO]: Saving chunks for level 'AOC testing Mod'/overworld
[13:00:47] [Client thread/INFO]: [org.lwjgl.input.GLFWInputImplementation:grabMouse:65]: Grab: true
[13:00:48] [Client thread/INFO]: [org.lwjgl.input.GLFWInputImplementation:grabMouse:65]: Grab: false
[13:00:48] [Server thread/INFO]: Saving and pausing game...
[13:00:48] [Server thread/INFO]: Saving chunks for level 'AOC testing Mod'/overworld
[13:00:51] [Client thread/INFO]: [org.lwjgl.input.GLFWInputImplementation:grabMouse:65]: Grab: true
[13:00:51] [Client thread/INFO]: [org.lwjgl.input.GLFWInputImplementation:grabMouse:65]: Grab: false
[13:00:51] [Server thread/INFO]: Saving and pausing game...
[13:00:51] [Server thread/INFO]: Saving chunks for level 'AOC testing Mod'/overworld
[13:01:06] [Client thread/INFO]: [org.lwjgl.input.GLFWInputImplementation:grabMouse:65]: Grab: true
[13:01:06] [Client thread/INFO]: [CHAT] Command set: /setblock -37 10 -984 air 0 destroy
[13:01:07] [Client thread/INFO]: [org.lwjgl.input.GLFWInputImplementation:grabMouse:65]: Grab: false
[13:01:07] [Server thread/INFO]: Saving and pausing game...
[13:01:07] [Server thread/INFO]: Saving chunks for level 'AOC testing Mod'/overworld
[13:01:08] [Client thread/INFO]: [org.lwjgl.input.GLFWInputImplementation:grabMouse:65]: Grab: true
[13:01:08] [Client thread/INFO]: [CHAT] Command set: /setblock -37 10 -984 air 0 destroy
[13:01:09] [Client thread/INFO]: [org.lwjgl.input.GLFWInputImplementation:grabMouse:65]: Grab: false
[13:01:09] [Server thread/INFO]: Saving and pausing game...
[13:01:09] [Server thread/INFO]: Saving chunks for level 'AOC testing Mod'/overworld
[13:01:10] [Client thread/INFO]: [org.lwjgl.input.GLFWInputImplementation:grabMouse:65]: Grab: true
[13:01:10] [Client thread/INFO]: [CHAT] Command set: /setblock -37 10 -984 air 0 destroy
[13:01:14] [Server thread/INFO]: [@: Block placed]
[13:01:14] [Server thread/INFO]: [@: Block placed]
[13:01:14] [Server thread/INFO]: [@: Block placed]
[13:01:14] [Server thread/INFO]: [@: Block placed]
[13:01:14] [Server thread/INFO]: [@: Block placed]
[13:01:14] [Server thread/INFO]: [@: Block placed]
[13:01:14] [Server thread/INFO]: [@: Block placed]
[13:01:14] [Server thread/INFO]: [@: Block placed]
[13:01:14] [Server thread/INFO]: [@: Block placed]
[13:01:14] [Server thread/INFO]: [@: Block placed]
[13:01:14] [Server thread/INFO]: [@: Block placed]
[13:01:14] [Server thread/INFO]: [@: Block placed]
[13:01:14] [Server thread/INFO]: [@: Block placed]
[13:01:14] [Server thread/INFO]: [@: Block placed]
[13:01:14] [Server thread/INFO]: [@: Block placed]
[13:01:14] [Server thread/INFO]: [@: Block placed]
[13:01:14] [Server thread/INFO]: [@: Block placed]
[13:01:14] [Server thread/INFO]: [@: Block placed]
[13:01:14] [Server thread/INFO]: [@: Block placed]
[13:01:14] [Server thread/INFO]: [@: Block placed]
[13:01:14] [Server thread/INFO]: [@: Block placed]
[13:01:14] [Server thread/INFO]: [@: Block placed]
[13:01:14] [Server thread/INFO]: [@: Block placed]
[13:01:14] [Server thread/INFO]: [@: Block placed]
[13:01:14] [Server thread/INFO]: [@: Block placed]
[13:01:14] [Server thread/INFO]: [@: Block placed]
[13:01:14] [Server thread/INFO]: [@: Block placed]
[13:01:15] [Server thread/INFO]: [@: Block placed]
[13:01:15] [Server thread/INFO]: [@: Block placed]
[13:01:15] [Server thread/INFO]: [@: Block placed]
[13:01:15] [Server thread/INFO]: [@: Block placed]
[13:01:15] [Server thread/INFO]: [@: Block placed]
[13:01:15] [Server thread/INFO]: [@: Block placed]
[13:01:15] [Server thread/INFO]: [@: Block placed]
[13:01:15] [Server thread/INFO]: [@: Block placed]
[13:01:15] [Server thread/INFO]: [@: Block placed]
[13:01:15] [Server thread/INFO]: [@: Block placed]
[13:01:15] [Server thread/INFO]: [@: Block placed]
[13:01:15] [Server thread/INFO]: [@: Block placed]
[13:01:15] [Server thread/INFO]: [@: Block placed]
[13:01:15] [Server thread/INFO]: [@: Block placed]
[13:01:15] [Server thread/INFO]: [@: Block placed]
[13:01:15] [Server thread/INFO]: [@: Block placed]
[13:01:15] [Server thread/INFO]: [@: Block placed]
[13:01:15] [Server thread/INFO]: [@: Block placed]
[13:01:15] [Server thread/INFO]: [@: Block placed]
[13:01:15] [Server thread/INFO]: [@: Block placed]
[13:01:15] [Server thread/INFO]: [@: Block placed]
[13:01:15] [Server thread/INFO]: [@: Block placed]
[13:01:15] [Server thread/INFO]: [@: Block placed]
[13:01:15] [Server thread/INFO]: [@: Block placed]
[13:01:15] [Server thread/INFO]: [@: Block placed]
[13:01:15] [Server thread/INFO]: [@: Block placed]
[13:01:15] [Server thread/INFO]: [@: Block placed]
[13:01:15] [Server thread/INFO]: [@: Block placed]
[13:01:15] [Server thread/INFO]: [@: Block placed]
[13:01:15] [Server thread/INFO]: [@: Block placed]
[13:01:15] [Server thread/INFO]: [@: Block placed]
[13:01:15] [Server thread/INFO]: [@: Block placed]
[13:01:15] [Server thread/INFO]: [@: Block placed]
[13:01:15] [Server thread/INFO]: [@: Block placed]
[13:01:15] [Server thread/INFO]: [@: Block placed]
[13:01:15] [Server thread/INFO]: [@: Block placed]
[13:01:15] [Server thread/INFO]: [@: Block placed]
[13:01:15] [Server thread/INFO]: [@: Block placed]
[13:01:15] [Server thread/INFO]: [@: Block placed]
[13:01:15] [Server thread/INFO]: [@: Block placed]
[13:01:16] [Server thread/INFO]: [@: Block placed]
[13:01:16] [Server thread/INFO]: [@: Block placed]
[13:01:16] [Server thread/INFO]: [@: Block placed]
[13:01:16] [Server thread/INFO]: [@: Block placed]
[13:01:16] [Server thread/INFO]: [@: Block placed]
[13:01:16] [Server thread/INFO]: [@: Block placed]
[13:01:16] [Server thread/INFO]: [@: Block placed]
[13:01:16] [Server thread/INFO]: [@: Block placed]
[13:01:16] [Server thread/INFO]: [@: Block placed]
[13:01:16] [Server thread/INFO]: [@: Block placed]
[13:01:16] [Server thread/INFO]: [@: Block placed]
[13:01:16] [Server thread/INFO]: [@: Block placed]
[13:01:16] [Server thread/INFO]: [@: Block placed]
[13:01:16] [Server thread/INFO]: [@: Block placed]
[13:01:16] [Server thread/INFO]: [@: Block placed]
[13:01:16] [Server thread/INFO]: [@: Block placed]
[13:01:16] [Server thread/INFO]: [@: Block placed]
[13:01:16] [Server thread/INFO]: [@: Block placed]
[13:01:16] [Server thread/INFO]: [@: Block placed]
[13:01:16] [Server thread/INFO]: [@: Block placed]
[13:01:16] [Server thread/INFO]: [@: Block placed]
[13:01:16] [Server thread/INFO]: [@: Block placed]
[13:01:16] [Server thread/INFO]: [@: Block placed]
[13:01:16] [Server thread/INFO]: [@: Block placed]
[13:01:16] [Server thread/INFO]: [@: Block placed]
[13:01:16] [Server thread/INFO]: [@: Block placed]
[13:01:16] [Server thread/INFO]: [@: Block placed]
[13:01:16] [Server thread/INFO]: [@: Block placed]
[13:01:16] [Server thread/INFO]: [@: Block placed]
[13:01:16] [Server thread/INFO]: [@: Block placed]
[13:01:16] [Server thread/INFO]: [@: Block placed]
[13:01:16] [Server thread/INFO]: [@: Block placed]
[13:01:16] [Server thread/INFO]: [@: Block placed]
[13:01:16] [Server thread/INFO]: [@: Block placed]
[13:01:16] [Server thread/INFO]: [@: Block placed]
[13:01:16] [Server thread/INFO]: [@: Block placed]
[13:01:16] [Server thread/INFO]: [@: Block placed]
[13:01:16] [Server thread/INFO]: [@: Block placed]
[13:01:16] [Server thread/INFO]: [@: Block placed]
[13:01:16] [Server thread/INFO]: [@: Block placed]
[13:01:17] [Server thread/INFO]: [@: Block placed]
[13:01:17] [Server thread/INFO]: [@: Block placed]
[13:01:17] [Server thread/INFO]: [@: Block placed]
[13:01:17] [Server thread/INFO]: [@: Block placed]
[13:01:17] [Server thread/INFO]: [@: Block placed]
[13:01:17] [Server thread/INFO]: [@: Block placed]
[13:01:17] [Server thread/INFO]: [@: Block placed]
[13:01:17] [Server thread/INFO]: [@: Block placed]
[13:01:17] [Server thread/INFO]: [@: Block placed]
[13:01:17] [Server thread/INFO]: [@: Block placed]
[13:01:17] [Server thread/INFO]: [@: Block placed]
[13:01:17] [Server thread/INFO]: [@: Block placed]
[13:01:17] [Server thread/INFO]: [@: Block placed]
[13:01:17] [Server thread/INFO]: [@: Block placed]
[13:01:17] [Server thread/INFO]: [@: Block placed]
[13:01:17] [Server thread/INFO]: [@: Block placed]
[13:01:17] [Server thread/INFO]: [@: Block placed]
[13:01:17] [Server thread/INFO]: [@: Block placed]
[13:01:17] [Server thread/INFO]: [@: Block placed]
[13:01:17] [Server thread/INFO]: [@: Block placed]
[13:01:17] [Server thread/INFO]: [@: Block placed]
[13:01:17] [Server thread/INFO]: [@: Block placed]
[13:01:17] [Server thread/INFO]: [@: Block placed]
[13:01:17] [Server thread/INFO]: [@: Block placed]
[13:01:17] [Server thread/INFO]: [@: Block placed]
[13:01:17] [Server thread/INFO]: [@: Block placed]
[13:01:17] [Server thread/INFO]: [@: Block placed]
[13:01:17] [Server thread/INFO]: [@: Block placed]
[13:01:17] [Server thread/INFO]: [@: Block placed]
[13:01:17] [Server thread/INFO]: [@: Block placed]
[13:01:17] [Server thread/INFO]: [@: Block placed]
[13:01:17] [Server thread/INFO]: [@: Block placed]
[13:01:17] [Server thread/INFO]: [@: Block placed]
[13:01:17] [Server thread/INFO]: [@: Block placed]
[13:01:17] [Server thread/INFO]: [@: Block placed]
[13:01:17] [Server thread/INFO]: [@: Block placed]
[13:01:17] [Client thread/INFO]: [org.lwjgl.input.GLFWInputImplementation:grabMouse:65]: Grab: false
[13:01:17] [Server thread/INFO]: [@: Block placed]
[13:01:17] [Server thread/INFO]: [@: Block placed]
[13:01:17] [Server thread/INFO]: [@: Block placed]
[13:01:17] [Server thread/INFO]: [@: Block placed]
[13:01:18] [Server thread/INFO]: [@: Block placed]
[13:01:18] [Server thread/INFO]: [@: Block placed]
[13:01:18] [Server thread/INFO]: [@: Block placed]
[13:01:18] [Server thread/INFO]: [@: Block placed]
[13:01:18] [Server thread/INFO]: [@: Block placed]
[13:01:18] [Server thread/INFO]: [@: Block placed]
[13:01:18] [Server thread/INFO]: [@: Block placed]
[13:01:18] [Server thread/INFO]: [@: Block placed]
[13:01:18] [Server thread/INFO]: [@: Block placed]
[13:01:18] [Server thread/INFO]: [@: Block placed]
[13:01:18] [Server thread/INFO]: [@: Block placed]
[13:01:18] [Server thread/INFO]: [@: Block placed]
[13:01:18] [Server thread/INFO]: [@: Block placed]
[13:01:18] [Server thread/INFO]: [@: Block placed]
[13:01:18] [Server thread/INFO]: [@: Block placed]
[13:01:18] [Server thread/INFO]: [@: Block placed]
[13:01:18] [Server thread/INFO]: [@: Block placed]
[13:01:18] [Server thread/INFO]: [@: Block placed]
[13:01:18] [Server thread/INFO]: [@: Block placed]
[13:01:18] [Server thread/INFO]: [@: Block placed]
[13:01:18] [Server thread/INFO]: [@: Block placed]
[13:01:18] [Server thread/INFO]: [@: Block placed]
[13:01:18] [Server thread/INFO]: [@: Block placed]
[13:01:18] [Server thread/INFO]: [@: Block placed]
[13:01:18] [Server thread/INFO]: [@: Block placed]
[13:01:18] [Server thread/INFO]: [@: Block placed]
[13:01:18] [Server thread/INFO]: [@: Block placed]
[13:01:18] [Server thread/INFO]: [@: Block placed]
[13:01:18] [Server thread/INFO]: [@: Block placed]
[13:01:18] [Server thread/INFO]: [@: Block placed]
[13:01:18] [Server thread/INFO]: [@: Block placed]
[13:01:18] [Server thread/INFO]: [@: Block placed]
[13:01:18] [Server thread/INFO]: [@: Block placed]
[13:01:18] [Server thread/INFO]: [@: Block placed]
[13:01:18] [Server thread/INFO]: [@: Block placed]
[13:01:18] [Server thread/INFO]: [@: Block placed]
[13:01:18] [Server thread/INFO]: [@: Block placed]
[13:01:18] [Server thread/INFO]: [@: Block placed]
[13:01:18] [Server thread/INFO]: [@: Block placed]
[13:01:18] [Server thread/INFO]: [@: Block placed]
[13:01:19] [Server thread/INFO]: [@: Block placed]
[13:01:19] [Server thread/INFO]: [@: Block placed]
[13:01:19] [Server thread/INFO]: [@: Block placed]
[13:01:19] [Server thread/INFO]: [@: Block placed]
[13:01:19] [Server thread/INFO]: [@: Block placed]
[13:01:19] [Server thread/INFO]: [@: Block placed]
[13:01:19] [Server thread/INFO]: [@: Block placed]
[13:01:19] [Server thread/INFO]: [@: Block placed]
[13:01:19] [Server thread/INFO]: [@: Block placed]
[13:01:19] [Server thread/INFO]: [@: Block placed]
[13:01:19] [Client thread/INFO]: [org.lwjgl.input.GLFWInputImplementation:grabMouse:65]: Grab: true
[13:01:19] [Server thread/INFO]: [@: Block placed]
[13:01:19] [Server thread/INFO]: [@: Block placed]
[13:01:19] [Server thread/INFO]: [@: Block placed]
[13:01:19] [Server thread/INFO]: [@: Block placed]
[13:01:19] [Server thread/INFO]: [@: Block placed]
[13:01:19] [Server thread/INFO]: [@: Block placed]
[13:01:19] [Server thread/INFO]: [@: Block placed]
[13:01:19] [Server thread/INFO]: [@: Block placed]
[13:01:19] [Server thread/INFO]: [@: Block placed]
[13:01:19] [Server thread/INFO]: [@: Block placed]
[13:01:19] [Server thread/INFO]: [@: Block placed]
[13:01:19] [Server thread/INFO]: [@: Block placed]
[13:01:19] [Server thread/INFO]: [@: Block placed]
[13:01:19] [Server thread/INFO]: [@: Block placed]
[13:01:19] [Server thread/INFO]: [@: Block placed]
[13:01:19] [Server thread/INFO]: [@: Block placed]
[13:01:19] [Server thread/INFO]: [@: Block placed]
[13:01:19] [Server thread/INFO]: [@: Block placed]
[13:01:19] [Server thread/INFO]: [@: Block placed]
[13:01:19] [Server thread/INFO]: [@: Block placed]
[13:01:19] [Server thread/INFO]: [@: Block placed]
[13:01:19] [Server thread/INFO]: [@: Block placed]
[13:01:19] [Server thread/INFO]: [@: Block placed]
[13:01:19] [Server thread/INFO]: [@: Block placed]
[13:01:19] [Server thread/INFO]: [@: Block placed]
[13:01:19] [Server thread/INFO]: [@: Block placed]
[13:01:19] [Server thread/INFO]: [@: Block placed]
[13:01:19] [Server thread/INFO]: [@: Block placed]
[13:01:19] [Server thread/INFO]: [@: Block placed]
[13:01:19] [Server thread/INFO]: [@: Block placed]
[13:01:20] [Server thread/INFO]: [@: Block placed]
[13:01:20] [Server thread/INFO]: [@: Block placed]
[13:01:20] [Server thread/INFO]: [@: Block placed]
[13:01:20] [Server thread/INFO]: [@: Block placed]
[13:01:20] [Server thread/INFO]: [@: Block placed]
[13:01:20] [Server thread/INFO]: [@: Block placed]
[13:01:20] [Server thread/INFO]: [@: Block placed]
[13:01:20] [Server thread/INFO]: [@: Block placed]
[13:01:20] [Server thread/INFO]: [@: Block placed]
[13:01:20] [Server thread/INFO]: [@: Block placed]
[13:01:20] [Server thread/INFO]: [@: Block placed]
[13:01:20] [Server thread/INFO]: [@: Block placed]
[13:01:20] [Server thread/INFO]: [@: Block placed]
[13:01:20] [Server thread/INFO]: [@: Block placed]
[13:01:20] [Server thread/INFO]: [@: Block placed]
[13:01:20] [Server thread/INFO]: [@: Block placed]
[13:01:20] [Server thread/INFO]: [@: Block placed]
[13:01:20] [Server thread/INFO]: [@: Block placed]
[13:01:20] [Server thread/INFO]: [@: Block placed]
[13:01:20] [Server thread/INFO]: [@: Block placed]
[13:01:20] [Server thread/INFO]: [@: Block placed]
[13:01:20] [Server thread/INFO]: [@: Block placed]
[13:01:20] [Server thread/INFO]: [@: Block placed]
[13:01:20] [Server thread/INFO]: [@: Block placed]
[13:01:20] [Server thread/INFO]: [@: Block placed]
[13:01:20] [Server thread/INFO]: [@: Block placed]
[13:01:20] [Server thread/INFO]: [@: Block placed]
[13:01:20] [Server thread/INFO]: [@: Block placed]
[13:01:20] [Server thread/INFO]: [@: Block placed]
[13:01:20] [Server thread/INFO]: [@: Block placed]
[13:01:20] [Server thread/INFO]: [@: Block placed]
[13:01:20] [Server thread/INFO]: [@: Block placed]
[13:01:20] [Server thread/INFO]: [@: Block placed]
[13:01:20] [Server thread/INFO]: [@: Block placed]
[13:01:20] [Server thread/INFO]: [@: Block placed]
[13:01:20] [Server thread/INFO]: [@: Block placed]
[13:01:20] [Server thread/INFO]: [@: Block placed]
[13:01:20] [Server thread/INFO]: [@: Block placed]
[13:01:20] [Server thread/INFO]: [@: Block placed]
[13:01:20] [Server thread/INFO]: [@: Block placed]
[13:01:21] [Server thread/INFO]: [@: Block placed]
[13:01:21] [Server thread/INFO]: [@: Block placed]
[13:01:21] [Server thread/INFO]: [@: Block placed]
[13:01:21] [Server thread/INFO]: [@: Block placed]
[13:01:21] [Server thread/INFO]: [@: Block placed]
[13:01:21] [Server thread/INFO]: [@: Block placed]
[13:01:21] [Server thread/INFO]: [@: Block placed]
[13:01:21] [Server thread/INFO]: [@: Block placed]
[13:01:21] [Server thread/INFO]: [@: Block placed]
[13:01:21] [Server thread/INFO]: [@: Block placed]
[13:01:21] [Server thread/INFO]: [@: Block placed]
[13:01:21] [Server thread/INFO]: [@: Block placed]
[13:01:21] [Server thread/INFO]: [@: Block placed]
[13:01:21] [Server thread/INFO]: [@: Block placed]
[13:01:21] [Server thread/INFO]: [@: Block placed]
[13:01:21] [Server thread/INFO]: [@: Block placed]
[13:01:21] [Server thread/INFO]: [@: Block placed]
[13:01:21] [Server thread/INFO]: [@: Block placed]
[13:01:21] [Server thread/INFO]: [@: Block placed]
[13:01:21] [Server thread/INFO]: [@: Block placed]
[13:01:21] [Server thread/INFO]: [@: Block placed]
[13:01:21] [Server thread/INFO]: [@: Block placed]
[13:01:21] [Server thread/INFO]: [@: Block placed]
[13:01:21] [Server thread/INFO]: [@: Block placed]
[13:01:21] [Server thread/INFO]: [@: Block placed]
[13:01:21] [Server thread/INFO]: [@: Block placed]
[13:01:21] [Server thread/INFO]: [@: Block placed]
[13:01:21] [Server thread/INFO]: [@: Block placed]
[13:01:21] [Server thread/INFO]: [@: Block placed]
[13:01:21] [Server thread/INFO]: [@: Block placed]
[13:01:21] [Server thread/INFO]: [@: Block placed]
[13:01:21] [Server thread/INFO]: [@: Block placed]
[13:01:21] [Server thread/INFO]: [@: Block placed]
[13:01:21] [Server thread/INFO]: [@: Block placed]
[13:01:21] [Server thread/INFO]: [@: Block placed]
[13:01:21] [Server thread/INFO]: [@: Block placed]
[13:01:21] [Server thread/INFO]: [@: Block placed]
[13:01:21] [Server thread/INFO]: [@: Block placed]
[13:01:21] [Server thread/INFO]: [@: Block placed]
[13:01:21] [Server thread/INFO]: [@: Block placed]
[13:01:22] [Server thread/INFO]: [@: Block placed]
[13:01:22] [Server thread/INFO]: [@: Block placed]
[13:01:22] [Server thread/INFO]: [@: Block placed]
[13:01:22] [Server thread/INFO]: [@: Block placed]
[13:01:22] [Server thread/INFO]: [@: Block placed]
[13:01:22] [Server thread/INFO]: [@: Block placed]
[13:01:22] [Server thread/INFO]: [@: Block placed]
[13:01:22] [Server thread/INFO]: [@: Block placed]
[13:01:22] [Server thread/INFO]: [@: Block placed]
[13:01:22] [Server thread/INFO]: [@: Block placed]
[13:01:22] [Server thread/INFO]: [@: Block placed]
[13:01:22] [Server thread/INFO]: [@: Block placed]
[13:01:22] [Server thread/INFO]: [@: Block placed]
[13:01:22] [Server thread/INFO]: [@: Block placed]
[13:01:22] [Server thread/INFO]: [@: Block placed]
[13:01:22] [Server thread/INFO]: [@: Block placed]
[13:01:22] [Server thread/INFO]: [@: Block placed]
[13:01:22] [Server thread/INFO]: [@: Block placed]
[13:01:22] [Server thread/INFO]: [@: Block placed]
[13:01:22] [Server thread/INFO]: [@: Block placed]
[13:01:22] [Server thread/INFO]: [@: Block placed]
[13:01:22] [Server thread/INFO]: [@: Block placed]
[13:01:22] [Server thread/INFO]: [@: Block placed]
[13:01:22] [Server thread/INFO]: [@: Block placed]
[13:01:22] [Server thread/INFO]: [@: Block placed]
[13:01:22] [Server thread/INFO]: [@: Block placed]
[13:01:22] [Server thread/INFO]: [@: Block placed]
[13:01:22] [Server thread/INFO]: [@: Block placed]
[13:01:22] [Server thread/INFO]: [@: Block placed]
[13:01:22] [Server thread/INFO]: [@: Block placed]
[13:01:22] [Server thread/INFO]: [@: Block placed]
[13:01:22] [Server thread/INFO]: [@: Block placed]
[13:01:22] [Server thread/INFO]: [@: Block placed]
[13:01:22] [Server thread/INFO]: [@: Block placed]
[13:01:22] [Server thread/INFO]: [@: Block placed]
[13:01:22] [Server thread/INFO]: [@: Block placed]
[13:01:22] [Server thread/INFO]: [@: Block placed]
[13:01:22] [Server thread/INFO]: [@: Block placed]
[13:01:22] [Server thread/INFO]: [@: Block placed]
[13:01:22] [Server thread/INFO]: [@: Block placed]
[13:01:23] [Server thread/INFO]: [@: Block placed]
[13:01:23] [Server thread/INFO]: [@: Block placed]
[13:01:23] [Server thread/INFO]: [@: Block placed]
[13:01:23] [Server thread/INFO]: [@: Block placed]
[13:01:23] [Server thread/INFO]: [@: Block placed]
[13:01:23] [Server thread/INFO]: [@: Block placed]
[13:01:23] [Server thread/INFO]: [@: Block placed]
[13:01:23] [Server thread/INFO]: [@: Block placed]
[13:01:23] [Server thread/INFO]: [@: Block placed]
[13:01:23] [Server thread/INFO]: [@: Block placed]
[13:01:23] [Server thread/INFO]: [@: Block placed]
[13:01:23] [Server thread/INFO]: [@: Block placed]
[13:01:23] [Server thread/INFO]: [@: Block placed]
[13:01:23] [Server thread/INFO]: [@: Block placed]
[13:01:23] [Server thread/INFO]: [@: Block placed]
[13:01:23] [Server thread/INFO]: [@: Block placed]
[13:01:23] [Server thread/INFO]: [@: Block placed]
[13:01:23] [Server thread/INFO]: [@: Block placed]
[13:01:23] [Server thread/INFO]: [@: Block placed]
[13:01:23] [Server thread/INFO]: [@: Block placed]
[13:01:23] [Server thread/INFO]: [@: Block placed]
[13:01:23] [Server thread/INFO]: [@: Block placed]
[13:01:23] [Server thread/INFO]: [@: Block placed]
[13:01:23] [Server thread/INFO]: [@: Block placed]
[13:01:23] [Server thread/INFO]: [@: Block placed]
[13:01:23] [Server thread/INFO]: [@: Block placed]
[13:01:23] [Server thread/INFO]: [@: Block placed]
[13:01:23] [Server thread/INFO]: [@: Block placed]
[13:01:23] [Server thread/INFO]: [@: Block placed]
[13:01:23] [Server thread/INFO]: [@: Block placed]
[13:01:23] [Server thread/INFO]: [@: Block placed]
[13:01:23] [Server thread/INFO]: [@: Block placed]
[13:01:23] [Server thread/INFO]: [@: Block placed]
[13:01:23] [Server thread/INFO]: [@: Block placed]
[13:01:23] [Server thread/INFO]: [@: Block placed]
[13:01:23] [Server thread/INFO]: [@: Block placed]
[13:01:23] [Server thread/INFO]: [@: Block placed]
[13:01:23] [Server thread/INFO]: [@: Block placed]
[13:01:23] [Server thread/INFO]: [@: Block placed]
[13:01:23] [Server thread/INFO]: [@: Block placed]
[13:01:24] [Server thread/INFO]: [@: Block placed]
[13:01:24] [Server thread/INFO]: [@: Block placed]
[13:01:24] [Server thread/INFO]: [@: Block placed]
[13:01:24] [Server thread/INFO]: [@: Block placed]
[13:01:24] [Server thread/INFO]: [@: Block placed]
[13:01:24] [Server thread/INFO]: [@: Block placed]
[13:01:24] [Server thread/INFO]: [@: Block placed]
[13:01:24] [Server thread/INFO]: [@: Block placed]
[13:01:24] [Server thread/INFO]: [@: Block placed]
[13:01:24] [Server thread/INFO]: [@: Block placed]
[13:01:24] [Server thread/INFO]: [@: Block placed]
[13:01:24] [Server thread/INFO]: [@: Block placed]
[13:01:24] [Server thread/INFO]: [@: Block placed]
[13:01:24] [Server thread/INFO]: [@: Block placed]
[13:01:24] [Server thread/INFO]: [@: Block placed]
[13:01:24] [Server thread/INFO]: [@: Block placed]
[13:01:24] [Server thread/INFO]: [@: Block placed]
[13:01:24] [Server thread/INFO]: [@: Block placed]
[13:01:24] [Server thread/INFO]: [@: Block placed]
[13:01:24] [Server thread/INFO]: [@: Block placed]
[13:01:24] [Server thread/INFO]: [@: Block placed]
[13:01:24] [Server thread/INFO]: [@: Block placed]
[13:01:24] [Server thread/INFO]: [@: Block placed]
[13:01:24] [Server thread/INFO]: [@: Block placed]
[13:01:24] [Server thread/INFO]: [@: Block placed]
[13:01:24] [Server thread/INFO]: [@: Block placed]
[13:01:24] [Server thread/INFO]: [@: Block placed]
[13:01:24] [Server thread/INFO]: [@: Block placed]
[13:01:24] [Server thread/INFO]: [@: Block placed]
[13:01:24] [Server thread/INFO]: [@: Block placed]
[13:01:24] [Server thread/INFO]: [@: Block placed]
[13:01:24] [Server thread/INFO]: [@: Block placed]
[13:01:24] [Server thread/INFO]: [@: Block placed]
[13:01:24] [Server thread/INFO]: [@: Block placed]
[13:01:24] [Server thread/INFO]: [@: Block placed]
[13:01:24] [Server thread/INFO]: [@: Block placed]
[13:01:24] [Server thread/INFO]: [@: Block placed]
[13:01:24] [Server thread/INFO]: [@: Block placed]
[13:01:24] [Server thread/INFO]: [@: Block placed]
[13:01:24] [Server thread/INFO]: [@: Block placed]
[13:01:25] [Server thread/INFO]: [@: Block placed]
[13:01:25] [Server thread/INFO]: [@: Block placed]
[13:01:25] [Server thread/INFO]: [@: Block placed]
[13:01:25] [Server thread/INFO]: [@: Block placed]
[13:01:25] [Server thread/INFO]: [@: Block placed]
[13:01:25] [Server thread/INFO]: [@: Block placed]
[13:01:25] [Server thread/INFO]: [@: Block placed]
[13:01:25] [Server thread/INFO]: [@: Block placed]
[13:01:25] [Server thread/INFO]: [@: Block placed]
[13:01:25] [Server thread/INFO]: [@: Block placed]
[13:01:25] [Server thread/INFO]: [@: Block placed]
[13:01:25] [Server thread/INFO]: [@: Block placed]
[13:01:25] [Server thread/INFO]: [@: Block placed]
[13:01:25] [Server thread/INFO]: [@: Block placed]
[13:01:25] [Server thread/INFO]: [@: Block placed]
[13:01:25] [Server thread/INFO]: [@: Block placed]
[13:01:25] [Server thread/INFO]: [@: Block placed]
[13:01:25] [Server thread/INFO]: [@: Block placed]
[13:01:25] [Server thread/INFO]: [@: Block placed]
[13:01:25] [Server thread/INFO]: [@: Block placed]
[13:01:25] [Server thread/INFO]: [@: Block placed]
[13:01:25] [Server thread/INFO]: [@: Block placed]
[13:01:25] [Server thread/INFO]: [@: Block placed]
[13:01:25] [Server thread/INFO]: [@: Block placed]
[13:01:25] [Server thread/INFO]: [@: Block placed]
[13:01:25] [Server thread/INFO]: [@: Block placed]
[13:01:25] [Server thread/INFO]: [@: Block placed]
[13:01:25] [Server thread/INFO]: [@: Block placed]
[13:01:25] [Server thread/INFO]: [@: Block placed]
[13:01:25] [Server thread/INFO]: [@: Block placed]
[13:01:25] [Server thread/INFO]: [@: Block placed]
[13:01:25] [Server thread/INFO]: [@: Block placed]
[13:01:25] [Server thread/INFO]: [@: Block placed]
[13:01:25] [Server thread/INFO]: [@: Block placed]
[13:01:25] [Server thread/INFO]: [@: Block placed]
[13:01:25] [Server thread/INFO]: [@: Block placed]
[13:01:25] [Server thread/INFO]: [@: Block placed]
[13:01:25] [Server thread/INFO]: [@: Block placed]
[13:01:25] [Server thread/INFO]: [@: Block placed]
[13:01:25] [Server thread/INFO]: [@: Block placed]
[13:01:26] [Server thread/INFO]: [@: Block placed]
[13:01:26] [Server thread/INFO]: [@: Block placed]
[13:01:26] [Server thread/INFO]: [@: Block placed]
[13:01:26] [Server thread/INFO]: [@: Block placed]
[13:01:26] [Server thread/INFO]: [@: Block placed]
[13:01:26] [Server thread/INFO]: [@: Block placed]
[13:01:26] [Server thread/INFO]: [@: Block placed]
[13:01:26] [Server thread/INFO]: [@: Block placed]
[13:01:26] [Server thread/INFO]: [@: Block placed]
[13:01:26] [Server thread/INFO]: [@: Block placed]
[13:01:26] [Server thread/INFO]: [@: Block placed]
[13:01:26] [Server thread/INFO]: [@: Block placed]
[13:01:26] [Server thread/INFO]: [@: Block placed]
[13:01:26] [Server thread/INFO]: [@: Block placed]
[13:01:26] [Server thread/INFO]: [@: Block placed]
[13:01:26] [Server thread/INFO]: [@: Block placed]
[13:01:26] [Server thread/INFO]: [@: Block placed]
[13:01:26] [Server thread/INFO]: [@: Block placed]
[13:01:26] [Server thread/INFO]: [@: Block placed]
[13:01:26] [Server thread/INFO]: [@: Block placed]
[13:01:26] [Server thread/INFO]: [@: Block placed]
[13:01:26] [Server thread/INFO]: [@: Block placed]
[13:01:26] [Server thread/INFO]: [@: Block placed]
[13:01:26] [Server thread/INFO]: [@: Block placed]
[13:01:26] [Server thread/INFO]: [@: Block placed]
[13:01:26] [Server thread/INFO]: [@: Block placed]
[13:01:26] [Server thread/INFO]: [@: Block placed]
[13:01:26] [Server thread/INFO]: [@: Block placed]
[13:01:26] [Server thread/INFO]: [@: Block placed]
[13:01:26] [Server thread/INFO]: [@: Block placed]
[13:01:26] [Client thread/INFO]: [org.lwjgl.input.GLFWInputImplementation:grabMouse:65]: Grab: false
[13:01:26] [Server thread/INFO]: [@: Block placed]
[13:01:26] [Server thread/INFO]: [@: Block placed]
[13:01:26] [Server thread/INFO]: [@: Block placed]
[13:01:26] [Server thread/INFO]: [@: Block placed]
[13:01:26] [Server thread/INFO]: [@: Block placed]
[13:01:26] [Server thread/INFO]: [@: Block placed]
[13:01:26] [Server thread/INFO]: [@: Block placed]
[13:01:26] [Server thread/INFO]: [@: Block placed]
[13:01:26] [Server thread/INFO]: [@: Block placed]
[13:01:26] [Server thread/INFO]: [@: Block placed]
[13:01:27] [Server thread/INFO]: [@: Block placed]
[13:01:27] [Server thread/INFO]: [@: Block placed]
[13:01:27] [Server thread/INFO]: [@: Block placed]
[13:01:27] [Server thread/INFO]: [@: Block placed]
[13:01:27] [Server thread/INFO]: [@: Block placed]
[13:01:27] [Server thread/INFO]: [@: Block placed]
[13:01:27] [Server thread/INFO]: [@: Block placed]
[13:01:27] [Server thread/INFO]: [@: Block placed]
[13:01:27] [Server thread/INFO]: [@: Block placed]
[13:01:27] [Server thread/INFO]: [@: Block placed]
[13:01:27] [Server thread/INFO]: [@: Block placed]
[13:01:27] [Server thread/INFO]: [@: Block placed]
[13:01:27] [Server thread/INFO]: [@: Block placed]
[13:01:27] [Server thread/INFO]: [@: Block placed]
[13:01:27] [Server thread/INFO]: [@: Block placed]
[13:01:27] [Server thread/INFO]: [@: Block placed]
[13:01:27] [Server thread/INFO]: [@: Block placed]
[13:01:27] [Server thread/INFO]: [@: Block placed]
[13:01:27] [Server thread/INFO]: [@: Block placed]
[13:01:27] [Server thread/INFO]: [@: Block placed]
[13:01:27] [Server thread/INFO]: [@: Block placed]
[13:01:27] [Server thread/INFO]: [@: Block placed]
[13:01:27] [Server thread/INFO]: [@: Block placed]
[13:01:27] [Server thread/INFO]: [@: Block placed]
[13:01:27] [Server thread/INFO]: [@: Block placed]
[13:01:27] [Server thread/INFO]: [@: Block placed]
[13:01:27] [Server thread/INFO]: [@: Block placed]
[13:01:27] [Server thread/INFO]: [@: Block placed]
[13:01:27] [Server thread/INFO]: [@: Block placed]
[13:01:27] [Server thread/INFO]: [@: Block placed]
[13:01:27] [Server thread/INFO]: [@: Block placed]
[13:01:27] [Server thread/INFO]: [@: Block placed]
[13:01:27] [Server thread/INFO]: [@: Block placed]
[13:01:27] [Server thread/INFO]: [@: Block placed]
[13:01:27] [Server thread/INFO]: [@: Block placed]
[13:01:27] [Server thread/INFO]: [@: Block placed]
[13:01:27] [Server thread/INFO]: [@: Block placed]
[13:01:27] [Server thread/INFO]: [@: Block placed]
[13:01:27] [Server thread/INFO]: [@: Block placed]
[13:01:27] [Server thread/INFO]: [@: Block placed]
[13:01:28] [Server thread/INFO]: [@: Block placed]
[13:01:28] [Server thread/INFO]: [@: Block placed]
[13:01:28] [Server thread/INFO]: [@: Block placed]
[13:01:28] [Server thread/INFO]: [@: Block placed]
[13:01:28] [Server thread/INFO]: [@: Block placed]
[13:01:28] [Server thread/INFO]: [@: Block placed]
[13:01:28] [Server thread/INFO]: [@: Block placed]
[13:01:28] [Server thread/INFO]: [@: Block placed]
[13:01:28] [Server thread/INFO]: [@: Block placed]
[13:01:28] [Server thread/INFO]: [@: Block placed]
[13:01:28] [Server thread/INFO]: [@: Block placed]
[13:01:28] [Server thread/INFO]: [@: Block placed]
[13:01:28] [Server thread/INFO]: [@: Block placed]
[13:01:28] [Server thread/INFO]: [@: Block placed]
[13:01:28] [Server thread/INFO]: [@: Block placed]
[13:01:28] [Server thread/INFO]: [@: Block placed]
[13:01:28] [Server thread/INFO]: [@: Block placed]
[13:01:28] [Server thread/INFO]: [@: Block placed]
[13:01:28] [Client thread/INFO]: [org.lwjgl.input.GLFWInputImplementation:grabMouse:65]: Grab: true
[13:01:28] [Server thread/INFO]: [@: Block placed]
[13:01:28] [Server thread/INFO]: [@: Block placed]
[13:01:28] [Server thread/INFO]: [@: Block placed]
[13:01:28] [Server thread/INFO]: [@: Block placed]
[13:01:28] [Server thread/INFO]: [@: Block placed]
[13:01:28] [Server thread/INFO]: [@: Block placed]
[13:01:28] [Server thread/INFO]: [@: Block placed]
[13:01:28] [Server thread/INFO]: [@: Block placed]
[13:01:28] [Server thread/INFO]: [@: Block placed]
[13:01:28] [Server thread/INFO]: [@: Block placed]
[13:01:28] [Server thread/INFO]: [@: Block placed]
[13:01:28] [Server thread/INFO]: [@: Block placed]
[13:01:28] [Server thread/INFO]: [@: Block placed]
[13:01:28] [Server thread/INFO]: [@: Block placed]
[13:01:28] [Server thread/INFO]: [@: Block placed]
[13:01:28] [Server thread/INFO]: [@: Block placed]
[13:01:28] [Server thread/INFO]: [@: Block placed]
[13:01:28] [Server thread/INFO]: [@: Block placed]
[13:01:28] [Server thread/INFO]: [@: Block placed]
[13:01:28] [Server thread/INFO]: [@: Block placed]
[13:01:28] [Server thread/INFO]: [@: Block placed]
[13:01:28] [Server thread/INFO]: [@: Block placed]
[13:01:29] [Server thread/INFO]: [@: Block placed]
[13:01:29] [Server thread/INFO]: [@: Block placed]
[13:01:29] [Server thread/INFO]: [@: Block placed]
[13:01:29] [Server thread/INFO]: [@: Block placed]
[13:01:29] [Server thread/INFO]: [@: Block placed]
[13:01:29] [Server thread/INFO]: [@: Block placed]
[13:01:29] [Client thread/INFO]: [org.lwjgl.input.GLFWInputImplementation:grabMouse:65]: Grab: false
[13:01:29] [Server thread/INFO]: [@: Block placed]
[13:01:29] [Server thread/INFO]: [@: Block placed]
[13:01:29] [Server thread/INFO]: Saving and pausing game...
[13:01:29] [Server thread/INFO]: Saving chunks for level 'AOC testing Mod'/overworld
[13:01:40] [Client thread/INFO]: [org.lwjgl.input.GLFWInputImplementation:grabMouse:65]: Grab: true
[13:01:40] [Client thread/INFO]: [CHAT] Command set: /kill @e[type=item]
[13:01:40] [Server thread/INFO]: [@: Block placed]
[13:01:40] [Server thread/INFO]: [@: Block placed]
[13:01:40] [Server thread/INFO]: [@: Block placed]
[13:01:40] [Server thread/INFO]: [@: Block placed]
[13:01:40] [Server thread/INFO]: [@: Block placed]
[13:01:40] [Server thread/INFO]: [@: Block placed]
[13:01:40] [Server thread/INFO]: [@: Block placed]
[13:01:40] [Server thread/INFO]: [@: Block placed]
[13:01:40] [Server thread/INFO]: [@: Block placed]
[13:01:40] [Server thread/INFO]: [@: Block placed]
[13:01:40] [Server thread/INFO]: [@: Block placed]
[13:01:40] [Server thread/INFO]: [@: Block placed]
[13:01:41] [Server thread/INFO]: [@: Block placed]
[13:01:41] [Server thread/INFO]: [@: Block placed]
[13:01:41] [Server thread/INFO]: [@: Block placed]
[13:01:41] [Server thread/INFO]: [@: Block placed]
[13:01:41] [Server thread/INFO]: [@: Block placed]
[13:01:41] [Server thread/INFO]: [@: Block placed]
[13:01:41] [Server thread/INFO]: [@: Block placed]
[13:01:41] [Server thread/INFO]: [@: Block placed]
[13:01:41] [Server thread/INFO]: [@: Block placed]
[13:01:41] [Server thread/INFO]: [@: Block placed]
[13:01:41] [Server thread/INFO]: [@: Block placed]
[13:01:41] [Server thread/INFO]: [@: Block placed]
[13:01:41] [Server thread/INFO]: [@: Block placed]
[13:01:41] [Server thread/INFO]: [@: Block placed]
[13:01:41] [Server thread/INFO]: [@: Block placed]
[13:01:41] [Server thread/INFO]: [@: Block placed]
[13:01:41] [Server thread/INFO]: [@: Block placed]
[13:01:41] [Server thread/INFO]: [@: Block placed]
[13:01:41] [Server thread/INFO]: [@: Block placed]
[13:01:41] [Server thread/INFO]: [@: Block placed]
[13:01:41] [Server thread/INFO]: [@: Block placed]
[13:01:41] [Server thread/INFO]: [@: Block placed]
[13:01:41] [Server thread/INFO]: [@: Block placed]
[13:01:41] [Server thread/INFO]: [@: Block placed]
[13:01:41] [Server thread/INFO]: [@: Block placed]
[13:01:41] [Server thread/INFO]: [@: Block placed]
[13:01:41] [Server thread/INFO]: [@: Block placed]
[13:01:41] [Server thread/INFO]: [@: Block placed]
[13:01:41] [Server thread/INFO]: [@: Block placed]
[13:01:41] [Server thread/INFO]: [@: Block placed]
[13:01:41] [Server thread/INFO]: [@: Block placed]
[13:01:41] [Server thread/INFO]: [@: Block placed]
[13:01:41] [Server thread/INFO]: [@: Block placed]
[13:01:41] [Server thread/INFO]: [@: Block placed]
[13:01:41] [Server thread/INFO]: [@: Block placed]
[13:01:41] [Server thread/INFO]: [@: Block placed]
[13:01:41] [Server thread/INFO]: [@: Block placed]
[13:01:41] [Server thread/INFO]: [@: Block placed]
[13:01:41] [Server thread/INFO]: [@: Block placed]
[13:01:41] [Server thread/INFO]: [@: Block placed]
[13:01:42] [Server thread/INFO]: [@: Block placed]
[13:01:42] [Server thread/INFO]: [@: Block placed]
[13:01:42] [Server thread/INFO]: [@: Block placed]
[13:01:42] [Server thread/INFO]: [@: Block placed]
[13:01:42] [Server thread/INFO]: [@: Block placed]
[13:01:42] [Server thread/INFO]: [@: Block placed]
[13:01:42] [Server thread/INFO]: [@: Block placed]
[13:01:42] [Server thread/INFO]: [@: Block placed]
[13:01:42] [Server thread/INFO]: [@: Block placed]
[13:01:42] [Server thread/INFO]: [@: Block placed]
[13:01:42] [Server thread/INFO]: [@: Block placed]
[13:01:42] [Server thread/INFO]: [@: Block placed]
[13:01:42] [Server thread/INFO]: [@: Block placed]
[13:01:42] [Server thread/INFO]: [@: Block placed]
[13:01:42] [Server thread/INFO]: [@: Block placed]
[13:01:42] [Server thread/INFO]: [@: Block placed]
[13:01:42] [Server thread/INFO]: [@: Block placed]
[13:01:42] [Server thread/INFO]: [@: Block placed]
[13:01:42] [Server thread/INFO]: [@: Block placed]
[13:01:42] [Server thread/INFO]: [@: Block placed]
[13:01:42] [Server thread/INFO]: [@: Block placed]
[13:01:42] [Server thread/INFO]: [@: Block placed]
[13:01:42] [Server thread/INFO]: [@: Block placed]
[13:01:42] [Server thread/INFO]: [@: Block placed]
[13:01:42] [Server thread/INFO]: [@: Block placed]
[13:01:42] [Server thread/INFO]: [@: Block placed]
[13:01:42] [Server thread/INFO]: [@: Block placed]
[13:01:42] [Server thread/INFO]: [@: Block placed]
[13:01:42] [Server thread/INFO]: [@: Block placed]
[13:01:42] [Server thread/INFO]: [@: Block placed]
[13:01:42] [Server thread/INFO]: [@: Block placed]
[13:01:42] [Server thread/INFO]: [@: Block placed]
[13:01:42] [Server thread/INFO]: [@: Block placed]
[13:01:42] [Server thread/INFO]: [@: Block placed]
[13:01:42] [Server thread/INFO]: [@: Block placed]
[13:01:42] [Server thread/INFO]: [@: Block placed]
[13:01:42] [Server thread/INFO]: [@: Block placed]
[13:01:42] [Server thread/INFO]: [@: Block placed]
[13:01:42] [Server thread/INFO]: [@: Block placed]
[13:01:42] [Server thread/INFO]: [@: Block placed]
[13:01:43] [Server thread/INFO]: [@: Block placed]
[13:01:43] [Server thread/INFO]: [@: Block placed]
[13:01:43] [Server thread/INFO]: [@: Block placed]
[13:01:43] [Server thread/INFO]: [@: Block placed]
[13:01:43] [Server thread/INFO]: [@: Block placed]
[13:01:43] [Server thread/INFO]: [@: Block placed]
[13:01:43] [Server thread/INFO]: [@: Block placed]
[13:01:43] [Server thread/INFO]: [@: Block placed]
[13:01:43] [Server thread/INFO]: [@: Block placed]
[13:01:43] [Server thread/INFO]: [@: Block placed]
[13:01:43] [Server thread/INFO]: [@: Block placed]
[13:01:43] [Server thread/INFO]: [@: Block placed]
[13:01:43] [Server thread/INFO]: [@: Block placed]
[13:01:43] [Server thread/INFO]: [@: Block placed]
[13:01:43] [Server thread/INFO]: [@: Block placed]
[13:01:43] [Server thread/INFO]: [@: Block placed]
[13:01:43] [Server thread/INFO]: [@: Block placed]
[13:01:43] [Server thread/INFO]: [@: Block placed]
[13:01:43] [Server thread/INFO]: [@: Block placed]
[13:01:43] [Server thread/INFO]: [@: Block placed]
[13:01:43] [Server thread/INFO]: [@: Block placed]
[13:01:43] [Server thread/INFO]: [@: Block placed]
[13:01:43] [Server thread/INFO]: [@: Block placed]
[13:01:43] [Server thread/INFO]: [@: Block placed]
[13:01:43] [Server thread/INFO]: [@: Block placed]
[13:01:43] [Server thread/INFO]: [@: Block placed]
[13:01:43] [Server thread/INFO]: [@: Block placed]
[13:01:43] [Server thread/INFO]: [@: Block placed]
[13:01:43] [Server thread/INFO]: [@: Block placed]
[13:01:43] [Server thread/INFO]: [@: Block placed]
[13:01:43] [Server thread/INFO]: [@: Block placed]
[13:01:43] [Server thread/INFO]: [@: Block placed]
[13:01:43] [Server thread/INFO]: [@: Block placed]
[13:01:43] [Server thread/INFO]: [@: Block placed]
[13:01:43] [Server thread/INFO]: [@: Block placed]
[13:01:43] [Server thread/INFO]: [@: Block placed]
[13:01:43] [Server thread/INFO]: [@: Block placed]
[13:01:43] [Server thread/INFO]: [@: Block placed]
[13:01:43] [Server thread/INFO]: [@: Block placed]
[13:01:43] [Server thread/INFO]: [@: Block placed]
[13:01:44] [Server thread/INFO]: [@: Block placed]
[13:01:44] [Server thread/INFO]: [@: Block placed]
[13:01:44] [Server thread/INFO]: [@: Block placed]
[13:01:44] [Server thread/INFO]: [@: Block placed]
[13:01:44] [Server thread/INFO]: [@: Block placed]
[13:01:44] [Server thread/INFO]: [@: Block placed]
[13:01:44] [Server thread/INFO]: [@: Block placed]
[13:01:44] [Server thread/INFO]: [@: Block placed]
[13:01:44] [Server thread/INFO]: [@: Block placed]
[13:01:44] [Server thread/INFO]: [@: Block placed]
[13:01:44] [Server thread/INFO]: [@: Block placed]
[13:01:44] [Server thread/INFO]: [@: Block placed]
[13:01:44] [Server thread/INFO]: [@: Block placed]
[13:01:44] [Server thread/INFO]: [@: Block placed]
[13:01:44] [Server thread/INFO]: [@: Block placed]
[13:01:44] [Server thread/INFO]: [@: Block placed]
[13:01:44] [Server thread/INFO]: [@: Block placed]
[13:01:44] [Server thread/INFO]: [@: Block placed]
[13:01:44] [Server thread/INFO]: [@: Block placed]
[13:01:44] [Server thread/INFO]: [@: Block placed]
[13:01:44] [Server thread/INFO]: [@: Block placed]
[13:01:44] [Server thread/INFO]: [@: Block placed]
[13:01:44] [Server thread/INFO]: [@: Block placed]
[13:01:44] [Server thread/INFO]: [@: Block placed]
[13:01:44] [Server thread/INFO]: [@: Block placed]
[13:01:44] [Server thread/INFO]: [@: Block placed]
[13:01:44] [Server thread/INFO]: [@: Block placed]
[13:01:44] [Server thread/INFO]: [@: Block placed]
[13:01:44] [Server thread/INFO]: [@: Block placed]
[13:01:44] [Server thread/INFO]: [@: Block placed]
[13:01:44] [Server thread/INFO]: [@: Block placed]
[13:01:44] [Server thread/INFO]: [@: Block placed]
[13:01:44] [Server thread/INFO]: [@: Block placed]
[13:01:44] [Server thread/INFO]: [@: Block placed]
[13:01:44] [Server thread/INFO]: [@: Block placed]
[13:01:44] [Server thread/INFO]: [@: Block placed]
[13:01:44] [Server thread/INFO]: [@: Block placed]
[13:01:44] [Server thread/INFO]: [@: Block placed]
[13:01:44] [Server thread/INFO]: [@: Block placed]
[13:01:44] [Server thread/INFO]: [@: Block placed]
[13:01:45] [Server thread/INFO]: [@: Block placed]
[13:01:45] [Server thread/INFO]: [@: Block placed]
[13:01:45] [Server thread/INFO]: [@: Block placed]
[13:01:45] [Server thread/INFO]: [@: Block placed]
[13:01:45] [Server thread/INFO]: [@: Block placed]
[13:01:45] [Server thread/INFO]: [@: Block placed]
[13:01:45] [Server thread/INFO]: [@: Block placed]
[13:01:45] [Server thread/INFO]: [@: Block placed]
[13:01:45] [Server thread/INFO]: [@: Block placed]
[13:01:45] [Server thread/INFO]: [@: Block placed]
[13:01:45] [Server thread/INFO]: [@: Block placed]
[13:01:45] [Server thread/INFO]: [@: Block placed]
[13:01:45] [Server thread/INFO]: [@: Block placed]
[13:01:45] [Server thread/INFO]: [@: Block placed]
[13:01:45] [Server thread/INFO]: [@: Block placed]
[13:01:45] [Server thread/INFO]: [@: Block placed]
[13:01:45] [Server thread/INFO]: [@: Block placed]
[13:01:45] [Server thread/INFO]: [@: Block placed]
[13:01:45] [Server thread/INFO]: [@: Block placed]
[13:01:45] [Server thread/INFO]: [@: Block placed]
[13:01:45] [Server thread/INFO]: [@: Block placed]
[13:01:45] [Server thread/INFO]: [@: Block placed]
[13:01:45] [Server thread/INFO]: [@: Block placed]
[13:01:45] [Server thread/INFO]: [@: Block placed]
[13:01:45] [Server thread/INFO]: [@: Block placed]
[13:01:45] [Server thread/INFO]: [@: Block placed]
[13:01:45] [Server thread/INFO]: [@: Block placed]
[13:01:45] [Server thread/INFO]: [@: Block placed]
[13:01:45] [Server thread/INFO]: [@: Block placed]
[13:01:45] [Server thread/INFO]: [@: Block placed]
[13:01:45] [Server thread/INFO]: [@: Block placed]
[13:01:45] [Server thread/INFO]: [@: Block placed]
[13:01:45] [Server thread/INFO]: [@: Block placed]
[13:01:45] [Server thread/INFO]: [@: Block placed]
[13:01:45] [Server thread/INFO]: [@: Block placed]
[13:01:45] [Server thread/INFO]: [@: Block placed]
[13:01:45] [Server thread/INFO]: [@: Block placed]
[13:01:45] [Server thread/INFO]: [@: Block placed]
[13:01:45] [Server thread/INFO]: [@: Block placed]
[13:01:45] [Server thread/INFO]: [@: Block placed]
[13:01:46] [Server thread/INFO]: [@: Block placed]
[13:01:46] [Server thread/INFO]: [@: Block placed]
[13:01:46] [Server thread/INFO]: [@: Block placed]
[13:01:46] [Server thread/INFO]: [@: Block placed]
[13:01:46] [Server thread/INFO]: [@: Block placed]
[13:01:46] [Server thread/INFO]: [@: Block placed]
[13:01:46] [Server thread/INFO]: [@: Block placed]
[13:01:46] [Server thread/INFO]: [@: Block placed]
[13:01:46] [Server thread/INFO]: [@: Block placed]
[13:01:46] [Server thread/INFO]: [@: Block placed]
[13:01:46] [Server thread/INFO]: [@: Block placed]
[13:01:46] [Server thread/INFO]: [@: Block placed]
[13:01:46] [Server thread/INFO]: [@: Block placed]
[13:01:46] [Server thread/INFO]: [@: Block placed]
[13:01:46] [Server thread/INFO]: [@: Block placed]
[13:01:46] [Server thread/INFO]: [@: Block placed]
[13:01:46] [Server thread/INFO]: [@: Block placed]
[13:01:46] [Server thread/INFO]: [@: Block placed]
[13:01:46] [Server thread/INFO]: [@: Block placed]
[13:01:46] [Server thread/INFO]: [@: Block placed]
[13:01:46] [Server thread/INFO]: [@: Block placed]
[13:01:46] [Server thread/INFO]: [@: Block placed]
[13:01:46] [Server thread/INFO]: [@: Block placed]
[13:01:46] [Server thread/INFO]: [@: Block placed]
[13:01:46] [Server thread/INFO]: [@: Block placed]
[13:01:46] [Server thread/INFO]: [@: Block placed]
[13:01:46] [Server thread/INFO]: [@: Block placed]
[13:01:46] [Server thread/INFO]: [@: Block placed]
[13:01:46] [Server thread/INFO]: [@: Block placed]
[13:01:46] [Server thread/INFO]: [@: Block placed]
[13:01:46] [Server thread/INFO]: [@: Block placed]
[13:01:46] [Server thread/INFO]: [@: Block placed]
[13:01:46] [Server thread/INFO]: [@: Block placed]
[13:01:46] [Server thread/INFO]: [@: Block placed]
[13:01:46] [Server thread/INFO]: [@: Block placed]
[13:01:46] [Server thread/INFO]: [@: Block placed]
[13:01:46] [Server thread/INFO]: [@: Block placed]
[13:01:46] [Server thread/INFO]: [@: Block placed]
[13:01:46] [Server thread/INFO]: [@: Block placed]
[13:01:46] [Server thread/INFO]: [@: Block placed]
[13:01:47] [Server thread/INFO]: [@: Block placed]
[13:01:47] [Server thread/INFO]: [@: Block placed]
[13:01:47] [Server thread/INFO]: [@: Block placed]
[13:01:47] [Server thread/INFO]: [@: Block placed]
[13:01:47] [Server thread/INFO]: [@: Block placed]
[13:01:47] [Server thread/INFO]: [@: Block placed]
[13:01:47] [Server thread/INFO]: [@: Block placed]
[13:01:47] [Server thread/INFO]: [@: Block placed]
[13:01:47] [Server thread/INFO]: [@: Block placed]
[13:01:47] [Server thread/INFO]: [@: Block placed]
[13:01:47] [Server thread/INFO]: [@: Block placed]
[13:01:47] [Server thread/INFO]: [@: Block placed]
[13:01:47] [Server thread/INFO]: [@: Block placed]
[13:01:47] [Server thread/INFO]: [@: Block placed]
[13:01:47] [Server thread/INFO]: [@: Block placed]
[13:01:47] [Server thread/INFO]: [@: Block placed]
[13:01:47] [Server thread/INFO]: [@: Block placed]
[13:01:47] [Server thread/INFO]: [@: Block placed]
[13:01:47] [Server thread/INFO]: [@: Block placed]
[13:01:47] [Server thread/INFO]: [@: Block placed]
[13:01:47] [Server thread/INFO]: [@: Block placed]
[13:01:47] [Server thread/INFO]: [@: Block placed]
[13:01:47] [Server thread/INFO]: [@: Block placed]
[13:01:47] [Server thread/INFO]: [@: Block placed]
[13:01:47] [Server thread/INFO]: [@: Block placed]
[13:01:47] [Server thread/INFO]: [@: Block placed]
[13:01:47] [Server thread/INFO]: [@: Block placed]
[13:01:47] [Server thread/INFO]: [@: Block placed]
[13:01:47] [Server thread/INFO]: [@: Block placed]
[13:01:47] [Server thread/INFO]: [@: Block placed]
[13:01:47] [Server thread/INFO]: [@: Block placed]
[13:01:47] [Server thread/INFO]: [@: Block placed]
[13:01:47] [Server thread/INFO]: [@: Block placed]
[13:01:47] [Server thread/INFO]: [@: Block placed]
[13:01:47] [Server thread/INFO]: [@: Block placed]
[13:01:47] [Server thread/INFO]: [@: Block placed]
[13:01:47] [Server thread/INFO]: [@: Block placed]
[13:01:47] [Server thread/INFO]: [@: Block placed]
[13:01:47] [Server thread/INFO]: [@: Block placed]
[13:01:47] [Server thread/INFO]: [@: Block placed]
[13:01:48] [Server thread/INFO]: [@: Block placed]
[13:01:48] [Server thread/INFO]: [@: Block placed]
[13:01:48] [Server thread/INFO]: [@: Block placed]
[13:01:48] [Server thread/INFO]: [@: Block placed]
[13:01:48] [Server thread/INFO]: [@: Block placed]
[13:01:48] [Server thread/INFO]: [@: Block placed]
[13:01:48] [Server thread/INFO]: [@: Block placed]
[13:01:48] [Server thread/INFO]: [@: Block placed]
[13:01:48] [Server thread/INFO]: [@: Block placed]
[13:01:48] [Server thread/INFO]: [@: Block placed]
[13:01:48] [Server thread/INFO]: [@: Block placed]
[13:01:48] [Server thread/INFO]: [@: Block placed]
[13:01:48] [Server thread/INFO]: [@: Block placed]
[13:01:48] [Server thread/INFO]: [@: Block placed]
[13:01:48] [Server thread/INFO]: [@: Block placed]
[13:01:48] [Server thread/INFO]: [@: Block placed]
[13:01:48] [Server thread/INFO]: [@: Block placed]
[13:01:48] [Server thread/INFO]: [@: Block placed]
[13:01:48] [Server thread/INFO]: [@: Block placed]
[13:01:48] [Server thread/INFO]: [@: Block placed]
[13:01:48] [Server thread/INFO]: [@: Block placed]
[13:01:48] [Server thread/INFO]: [@: Block placed]
[13:01:48] [Server thread/INFO]: [@: Block placed]
[13:01:48] [Server thread/INFO]: [@: Block placed]
[13:01:48] [Server thread/INFO]: [@: Block placed]
[13:01:48] [Server thread/INFO]: [@: Block placed]
[13:01:48] [Server thread/INFO]: [@: Block placed]
[13:01:48] [Server thread/INFO]: [@: Block placed]
[13:01:48] [Server thread/INFO]: [@: Block placed]
[13:01:48] [Server thread/INFO]: [@: Block placed]
[13:01:48] [Server thread/INFO]: [@: Block placed]
[13:01:48] [Server thread/INFO]: [@: Block placed]
[13:01:48] [Server thread/INFO]: [@: Block placed]
[13:01:48] [Server thread/INFO]: [@: Block placed]
[13:01:48] [Server thread/INFO]: [@: Block placed]
[13:01:48] [Server thread/INFO]: [@: Block placed]
[13:01:48] [Server thread/INFO]: [@: Block placed]
[13:01:48] [Server thread/INFO]: [@: Block placed]
[13:01:48] [Server thread/INFO]: [@: Block placed]
[13:01:48] [Server thread/INFO]: [@: Block placed]
[13:01:49] [Server thread/INFO]: [@: Block placed]
[13:01:49] [Server thread/INFO]: [@: Block placed]
[13:01:49] [Server thread/INFO]: [@: Block placed]
[13:01:49] [Server thread/INFO]: [@: Block placed]
[13:01:49] [Server thread/INFO]: [@: Block placed]
[13:01:49] [Server thread/INFO]: [@: Block placed]
[13:01:49] [Server thread/INFO]: [@: Block placed]
[13:01:49] [Server thread/INFO]: [@: Block placed]
[13:01:49] [Server thread/INFO]: [@: Block placed]
[13:01:49] [Server thread/INFO]: [@: Block placed]
[13:01:49] [Server thread/INFO]: [@: Block placed]
[13:01:49] [Server thread/INFO]: [@: Block placed]
[13:01:49] [Server thread/INFO]: [@: Block placed]
[13:01:49] [Server thread/INFO]: [@: Block placed]
[13:01:49] [Server thread/INFO]: [@: Block placed]
[13:01:49] [Server thread/INFO]: [@: Block placed]
[13:01:49] [Server thread/INFO]: [@: Block placed]
[13:01:49] [Server thread/INFO]: [@: Block placed]
[13:01:49] [Server thread/INFO]: [@: Block placed]
[13:01:49] [Server thread/INFO]: [@: Block placed]
[13:01:49] [Server thread/INFO]: [@: Block placed]
[13:01:49] [Server thread/INFO]: [@: Block placed]
[13:01:49] [Server thread/INFO]: [@: Block placed]
[13:01:49] [Server thread/INFO]: [@: Block placed]
[13:01:49] [Server thread/INFO]: [@: Block placed]
[13:01:49] [Server thread/INFO]: [@: Block placed]
[13:01:49] [Server thread/INFO]: [@: Block placed]
[13:01:49] [Server thread/INFO]: [@: Block placed]
[13:01:49] [Server thread/INFO]: [@: Block placed]
[13:01:49] [Server thread/INFO]: [@: Block placed]
[13:01:49] [Server thread/INFO]: [@: Block placed]
[13:01:49] [Server thread/INFO]: [@: Block placed]
[13:01:49] [Server thread/INFO]: [@: Block placed]
[13:01:49] [Server thread/INFO]: [@: Block placed]
[13:01:49] [Server thread/INFO]: [@: Block placed]
[13:01:49] [Server thread/INFO]: [@: Block placed]
[13:01:49] [Server thread/INFO]: [@: Block placed]
[13:01:49] [Server thread/INFO]: [@: Block placed]
[13:01:49] [Server thread/INFO]: [@: Block placed]
[13:01:49] [Server thread/INFO]: [@: Block placed]
[13:01:50] [Server thread/INFO]: [@: Block placed]
[13:01:50] [Server thread/INFO]: [@: Block placed]
[13:01:50] [Server thread/INFO]: [@: Block placed]
[13:01:50] [Server thread/INFO]: [@: Block placed]
[13:01:50] [Server thread/INFO]: [@: Block placed]
[13:01:50] [Server thread/INFO]: [@: Block placed]
[13:01:50] [Server thread/INFO]: [@: Block placed]
[13:01:50] [Server thread/INFO]: [@: Block placed]
[13:01:50] [Server thread/INFO]: [@: Block placed]
[13:01:50] [Server thread/INFO]: [@: Block placed]
[13:01:50] [Server thread/INFO]: [@: Block placed]
[13:01:50] [Server thread/INFO]: [@: Block placed]
[13:01:50] [Server thread/INFO]: [@: Block placed]
[13:01:50] [Server thread/INFO]: [@: Block placed]
[13:01:50] [Server thread/INFO]: [@: Block placed]
[13:01:50] [Server thread/INFO]: [@: Block placed]
[13:01:50] [Server thread/INFO]: [@: Block placed]
[13:01:50] [Server thread/INFO]: [@: Block placed]
[13:01:50] [Server thread/INFO]: [@: Block placed]
[13:01:50] [Server thread/INFO]: [@: Block placed]
[13:01:50] [Server thread/INFO]: [@: Block placed]
[13:01:50] [Server thread/INFO]: [@: Block placed]
[13:01:50] [Server thread/INFO]: [@: Block placed]
[13:01:50] [Server thread/INFO]: [@: Block placed]
[13:01:50] [Server thread/INFO]: [@: Block placed]
[13:01:50] [Server thread/INFO]: [@: Block placed]
[13:01:50] [Server thread/INFO]: [@: Block placed]
[13:01:50] [Server thread/INFO]: [@: Block placed]
[13:01:50] [Server thread/INFO]: [@: Block placed]
[13:01:50] [Server thread/INFO]: [@: Block placed]
[13:01:50] [Server thread/INFO]: [@: Block placed]
[13:01:50] [Server thread/INFO]: [@: Block placed]
[13:01:50] [Server thread/INFO]: [@: Block placed]
[13:01:50] [Server thread/INFO]: [@: Block placed]
[13:01:50] [Server thread/INFO]: [@: Block placed]
[13:01:50] [Server thread/INFO]: [@: Block placed]
[13:01:50] [Server thread/INFO]: [@: Block placed]
[13:01:50] [Server thread/INFO]: [@: Block placed]
[13:01:50] [Server thread/INFO]: [@: Block placed]
[13:01:50] [Server thread/INFO]: [@: Block placed]
[13:01:51] [Server thread/INFO]: [@: Block placed]
[13:01:51] [Server thread/INFO]: [@: Block placed]
[13:01:51] [Server thread/INFO]: [@: Block placed]
[13:01:51] [Server thread/INFO]: [@: Block placed]
[13:01:51] [Server thread/INFO]: [@: Block placed]
[13:01:51] [Server thread/INFO]: [@: Block placed]
[13:01:51] [Server thread/INFO]: [@: Block placed]
[13:01:51] [Server thread/INFO]: [@: Block placed]
[13:01:51] [Server thread/INFO]: [@: Block placed]
[13:01:51] [Server thread/INFO]: [@: Block placed]
[13:01:51] [Server thread/INFO]: [@: Block placed]
[13:01:51] [Server thread/INFO]: [@: Block placed]
[13:01:51] [Server thread/INFO]: [@: Block placed]
[13:01:51] [Server thread/INFO]: [@: Block placed]
[13:01:51] [Server thread/INFO]: [@: Block placed]
[13:01:51] [Server thread/INFO]: [@: Block placed]
[13:01:51] [Server thread/INFO]: [@: Block placed]
[13:01:51] [Server thread/INFO]: [@: Block placed]
[13:01:51] [Server thread/INFO]: [@: Block placed]
[13:01:51] [Server thread/INFO]: [@: Block placed]
[13:01:51] [Server thread/INFO]: [@: Block placed]
[13:01:51] [Server thread/INFO]: [@: Block placed]
[13:01:51] [Server thread/INFO]: [@: Block placed]
[13:01:51] [Server thread/INFO]: [@: Block placed]
[13:01:51] [Server thread/INFO]: [@: Block placed]
[13:01:51] [Server thread/INFO]: [@: Block placed]
[13:01:51] [Server thread/INFO]: [@: Block placed]
[13:01:51] [Server thread/INFO]: [@: Block placed]
[13:01:51] [Server thread/INFO]: [@: Block placed]
[13:01:51] [Server thread/INFO]: [@: Block placed]
[13:01:51] [Server thread/INFO]: [@: Block placed]
[13:01:51] [Server thread/INFO]: [@: Block placed]
[13:01:51] [Server thread/INFO]: [@: Block placed]
[13:01:51] [Server thread/INFO]: [@: Block placed]
[13:01:51] [Server thread/INFO]: [@: Block placed]
[13:01:51] [Server thread/INFO]: [@: Block placed]
[13:01:51] [Server thread/INFO]: [@: Block placed]
[13:01:51] [Server thread/INFO]: [@: Block placed]
[13:01:51] [Server thread/INFO]: [@: Block placed]
[13:01:51] [Server thread/INFO]: [@: Block placed]
[13:01:52] [Server thread/INFO]: [@: Block placed]
[13:01:52] [Server thread/INFO]: [@: Block placed]
[13:01:52] [Server thread/INFO]: [@: Block placed]
[13:01:52] [Server thread/INFO]: [@: Block placed]
[13:01:52] [Server thread/INFO]: [@: Block placed]
[13:01:52] [Server thread/INFO]: [@: Block placed]
[13:01:52] [Server thread/INFO]: [@: Block placed]
[13:01:52] [Server thread/INFO]: [@: Block placed]
[13:01:52] [Server thread/INFO]: [@: Block placed]
[13:01:52] [Server thread/INFO]: [@: Block placed]
[13:01:52] [Server thread/INFO]: [@: Block placed]
[13:01:52] [Server thread/INFO]: [@: Block placed]
[13:01:52] [Server thread/INFO]: [@: Block placed]
[13:01:52] [Server thread/INFO]: [@: Block placed]
[13:01:52] [Server thread/INFO]: [@: Block placed]
[13:01:52] [Server thread/INFO]: [@: Block placed]
[13:01:52] [Server thread/INFO]: [@: Block placed]
[13:01:52] [Server thread/INFO]: [@: Block placed]
[13:01:52] [Server thread/INFO]: [@: Block placed]
[13:01:52] [Server thread/INFO]: [@: Block placed]
[13:01:52] [Server thread/INFO]: [@: Block placed]
[13:01:52] [Server thread/INFO]: [@: Block placed]
[13:01:52] [Server thread/INFO]: [@: Block placed]
[13:01:52] [Server thread/INFO]: [@: Block placed]
[13:01:52] [Server thread/INFO]: [@: Block placed]
[13:01:52] [Server thread/INFO]: [@: Block placed]
[13:01:52] [Server thread/INFO]: [@: Block placed]
[13:01:52] [Server thread/INFO]: [@: Block placed]
[13:01:52] [Server thread/INFO]: [@: Block placed]
[13:01:52] [Server thread/INFO]: [@: Block placed]
[13:01:52] [Server thread/INFO]: [@: Block placed]
[13:01:52] [Server thread/INFO]: [@: Block placed]
[13:01:52] [Server thread/INFO]: [@: Block placed]
[13:01:52] [Server thread/INFO]: [@: Block placed]
[13:01:52] [Server thread/INFO]: [@: Block placed]
[13:01:52] [Server thread/INFO]: [@: Block placed]
[13:01:52] [Server thread/INFO]: [@: Block placed]
[13:01:52] [Server thread/INFO]: [@: Block placed]
[13:01:52] [Server thread/INFO]: [@: Block placed]
[13:01:52] [Server thread/INFO]: [@: Block placed]
[13:01:53] [Server thread/INFO]: [@: Block placed]
[13:01:53] [Server thread/INFO]: [@: Block placed]
[13:01:53] [Server thread/INFO]: [@: Block placed]
[13:01:53] [Server thread/INFO]: [@: Block placed]
[13:01:53] [Server thread/INFO]: [@: Block placed]
[13:01:53] [Server thread/INFO]: [@: Block placed]
[13:01:53] [Server thread/INFO]: [@: Block placed]
[13:01:53] [Server thread/INFO]: [@: Block placed]
[13:01:53] [Server thread/INFO]: [@: Block placed]
[13:01:53] [Server thread/INFO]: [@: Block placed]
[13:01:53] [Server thread/INFO]: [@: Block placed]
[13:01:53] [Server thread/INFO]: [@: Block placed]
[13:01:53] [Server thread/INFO]: [@: Block placed]
[13:01:53] [Server thread/INFO]: [@: Block placed]
[13:01:53] [Server thread/INFO]: [@: Block placed]
[13:01:53] [Server thread/INFO]: [@: Block placed]
[13:01:53] [Server thread/INFO]: [@: Block placed]
[13:01:53] [Server thread/INFO]: [@: Block placed]
[13:01:53] [Server thread/INFO]: [@: Block placed]
[13:01:53] [Server thread/INFO]: [@: Block placed]
[13:01:53] [Server thread/INFO]: [@: Block placed]
[13:01:53] [Server thread/INFO]: [@: Block placed]
[13:01:53] [Server thread/INFO]: [@: Block placed]
[13:01:53] [Server thread/INFO]: [@: Block placed]
[13:01:53] [Server thread/INFO]: [@: Block placed]
[13:01:53] [Server thread/INFO]: [@: Block placed]
[13:01:53] [Server thread/INFO]: [@: Block placed]
[13:01:53] [Server thread/INFO]: [@: Block placed]
[13:01:53] [Server thread/INFO]: [@: Block placed]
[13:01:53] [Server thread/INFO]: [@: Block placed]
[13:01:53] [Server thread/INFO]: [@: Block placed]
[13:01:53] [Server thread/INFO]: [@: Block placed]
[13:01:53] [Server thread/INFO]: [@: Block placed]
[13:01:53] [Server thread/INFO]: [@: Block placed]
[13:01:53] [Server thread/INFO]: [@: Block placed]
[13:01:53] [Server thread/INFO]: [@: Block placed]
[13:01:53] [Server thread/INFO]: [@: Block placed]
[13:01:53] [Server thread/INFO]: [@: Block placed]
[13:01:53] [Server thread/INFO]: [@: Block placed]
[13:01:53] [Server thread/INFO]: [@: Block placed]
[13:01:54] [Server thread/INFO]: [@: Block placed]
[13:01:54] [Server thread/INFO]: [@: Block placed]
[13:01:54] [Server thread/INFO]: [@: Block placed]
[13:01:54] [Server thread/INFO]: [@: Block placed]
[13:01:54] [Server thread/INFO]: [@: Block placed]
[13:01:54] [Server thread/INFO]: [@: Block placed]
[13:01:54] [Server thread/INFO]: [@: Block placed]
[13:01:54] [Server thread/INFO]: [@: Block placed]
[13:01:54] [Server thread/INFO]: [@: Block placed]
[13:01:54] [Server thread/INFO]: [@: Block placed]
[13:01:54] [Server thread/INFO]: [@: Block placed]
[13:01:54] [Server thread/INFO]: [@: Block placed]
[13:01:54] [Server thread/INFO]: [@: Block placed]
[13:01:54] [Server thread/INFO]: [@: Block placed]
[13:01:54] [Server thread/INFO]: [@: Block placed]
[13:01:54] [Server thread/INFO]: [@: Block placed]
[13:01:54] [Server thread/INFO]: [@: Block placed]
[13:01:54] [Server thread/INFO]: [@: Block placed]
[13:01:54] [Server thread/INFO]: [@: Block placed]
[13:01:54] [Server thread/INFO]: [@: Block placed]
[13:01:54] [Server thread/INFO]: [@: Block placed]
[13:01:54] [Server thread/INFO]: [@: Block placed]
[13:01:54] [Server thread/INFO]: [@: Block placed]
[13:01:54] [Server thread/INFO]: [@: Block placed]
[13:01:54] [Server thread/INFO]: [@: Block placed]
[13:01:54] [Server thread/INFO]: [@: Block placed]
[13:01:54] [Server thread/INFO]: [@: Block placed]
[13:01:54] [Server thread/INFO]: [@: Block placed]
[13:01:54] [Server thread/INFO]: [@: Block placed]
[13:01:54] [Server thread/INFO]: [@: Block placed]
[13:01:54] [Server thread/INFO]: [@: Block placed]
[13:01:54] [Server thread/INFO]: [@: Block placed]
[13:01:54] [Server thread/INFO]: [@: Block placed]
[13:01:54] [Server thread/INFO]: [@: Block placed]
[13:01:54] [Server thread/INFO]: [@: Block placed]
[13:01:54] [Server thread/INFO]: [@: Block placed]
[13:01:54] [Server thread/INFO]: [@: Block placed]
[13:01:54] [Server thread/INFO]: [@: Block placed]
[13:01:54] [Server thread/INFO]: [@: Block placed]
[13:01:54] [Server thread/INFO]: [@: Block placed]
[13:01:55] [Server thread/INFO]: [@: Block placed]
[13:01:55] [Server thread/INFO]: [@: Block placed]
[13:01:55] [Server thread/INFO]: [@: Block placed]
[13:01:55] [Server thread/INFO]: [@: Block placed]
[13:01:55] [Server thread/INFO]: [@: Block placed]
[13:01:55] [Server thread/INFO]: [@: Block placed]
[13:01:55] [Server thread/INFO]: [@: Block placed]
[13:01:55] [Server thread/INFO]: [@: Block placed]
[13:01:55] [Server thread/INFO]: [@: Block placed]
[13:01:55] [Server thread/INFO]: [@: Block placed]
[13:01:55] [Server thread/INFO]: [@: Block placed]
[13:01:55] [Server thread/INFO]: [@: Block placed]
[13:01:55] [Server thread/INFO]: [@: Block placed]
[13:01:55] [Server thread/INFO]: [@: Block placed]
[13:01:55] [Server thread/INFO]: [@: Block placed]
[13:01:55] [Server thread/INFO]: [@: Block placed]
[13:01:55] [Server thread/INFO]: [@: Block placed]
[13:01:55] [Server thread/INFO]: [@: Block placed]
[13:01:55] [Server thread/INFO]: [@: Block placed]
[13:01:55] [Server thread/INFO]: [@: Block placed]
[13:01:55] [Server thread/INFO]: [@: Block placed]
[13:01:55] [Server thread/INFO]: [@: Block placed]
[13:01:55] [Server thread/INFO]: [@: Block placed]
[13:01:55] [Server thread/INFO]: [@: Block placed]
[13:01:55] [Server thread/INFO]: [@: Block placed]
[13:01:55] [Server thread/INFO]: [@: Block placed]
[13:01:55] [Server thread/INFO]: [@: Block placed]
[13:01:55] [Server thread/INFO]: [@: Block placed]
[13:01:55] [Server thread/INFO]: [@: Block placed]
[13:01:55] [Server thread/INFO]: [@: Block placed]
[13:01:55] [Server thread/INFO]: [@: Block placed]
[13:01:55] [Server thread/INFO]: [@: Block placed]
[13:01:55] [Server thread/INFO]: [@: Block placed]
[13:01:55] [Server thread/INFO]: [@: Block placed]
[13:01:55] [Server thread/INFO]: [@: Block placed]
[13:01:55] [Server thread/INFO]: [@: Block placed]
[13:01:55] [Server thread/INFO]: [@: Block placed]
[13:01:55] [Server thread/INFO]: [@: Block placed]
[13:01:55] [Server thread/INFO]: [@: Block placed]
[13:01:55] [Server thread/INFO]: [@: Block placed]
[13:01:56] [Server thread/INFO]: [@: Block placed]
[13:01:56] [Server thread/INFO]: [@: Block placed]
[13:01:56] [Server thread/INFO]: [@: Block placed]
[13:01:56] [Server thread/INFO]: [@: Block placed]
[13:01:56] [Server thread/INFO]: [@: Block placed]
[13:01:56] [Server thread/INFO]: [@: Block placed]
[13:01:56] [Server thread/INFO]: [@: Block placed]
[13:01:56] [Server thread/INFO]: [@: Block placed]
[13:01:56] [Server thread/INFO]: [@: Block placed]
[13:01:56] [Server thread/INFO]: [@: Block placed]
[13:01:56] [Server thread/INFO]: [@: Block placed]
[13:01:56] [Server thread/INFO]: [@: Block placed]
[13:01:56] [Server thread/INFO]: [@: Block placed]
[13:01:56] [Server thread/INFO]: [@: Block placed]
[13:01:56] [Server thread/INFO]: [@: Block placed]
[13:01:56] [Server thread/INFO]: [@: Block placed]
[13:01:56] [Server thread/INFO]: [@: Block placed]
[13:01:56] [Server thread/INFO]: [@: Block placed]
[13:01:56] [Server thread/INFO]: [@: Block placed]
[13:01:56] [Server thread/INFO]: [@: Block placed]
[13:01:56] [Server thread/INFO]: [@: Block placed]
[13:01:56] [Server thread/INFO]: [@: Block placed]
[13:01:56] [Server thread/INFO]: [@: Block placed]
[13:01:56] [Server thread/INFO]: [@: Block placed]
[13:01:56] [Server thread/INFO]: [@: Block placed]
[13:01:56] [Server thread/INFO]: [@: Block placed]
[13:01:56] [Server thread/INFO]: [@: Block placed]
[13:01:56] [Server thread/INFO]: [@: Block placed]
[13:01:56] [Server thread/INFO]: [@: Block placed]
[13:01:56] [Server thread/INFO]: [@: Block placed]
[13:01:56] [Server thread/INFO]: [@: Block placed]
[13:01:56] [Server thread/INFO]: [@: Block placed]
[13:01:56] [Server thread/INFO]: [@: Block placed]
[13:01:56] [Server thread/INFO]: [@: Block placed]
[13:01:56] [Server thread/INFO]: [@: Block placed]
[13:01:56] [Server thread/INFO]: [@: Block placed]
[13:01:56] [Server thread/INFO]: [@: Block placed]
[13:01:56] [Server thread/INFO]: [@: Block placed]
[13:01:56] [Server thread/INFO]: [@: Block placed]
[13:01:56] [Server thread/INFO]: [@: Block placed]
[13:01:57] [Server thread/INFO]: [@: Block placed]
[13:01:57] [Server thread/INFO]: [@: Block placed]
[13:01:57] [Server thread/INFO]: [@: Block placed]
[13:01:57] [Server thread/INFO]: [@: Block placed]
[13:01:57] [Server thread/INFO]: [@: Block placed]
[13:01:57] [Server thread/INFO]: [@: Block placed]
[13:01:57] [Server thread/INFO]: [@: Block placed]
[13:01:57] [Server thread/INFO]: [@: Block placed]
[13:01:57] [Server thread/INFO]: [@: Block placed]
[13:01:57] [Server thread/INFO]: [@: Block placed]
[13:01:57] [Server thread/INFO]: [@: Block placed]
[13:01:57] [Server thread/INFO]: [@: Block placed]
[13:01:57] [Server thread/INFO]: [@: Block placed]
[13:01:57] [Server thread/INFO]: [@: Block placed]
[13:01:57] [Server thread/INFO]: [@: Block placed]
[13:01:57] [Server thread/INFO]: [@: Block placed]
[13:01:57] [Server thread/INFO]: [@: Block placed]
[13:01:57] [Server thread/INFO]: [@: Block placed]
[13:01:57] [Server thread/INFO]: [@: Block placed]
[13:01:57] [Server thread/INFO]: [@: Block placed]
[13:01:57] [Server thread/INFO]: [@: Block placed]
[13:01:57] [Server thread/INFO]: [@: Block placed]
[13:01:57] [Server thread/INFO]: [@: Block placed]
[13:01:57] [Server thread/INFO]: [@: Block placed]
[13:01:57] [Server thread/INFO]: [@: Block placed]
[13:01:57] [Server thread/INFO]: [@: Block placed]
[13:01:57] [Server thread/INFO]: [@: Block placed]
[13:01:57] [Server thread/INFO]: [@: Block placed]
[13:01:57] [Server thread/INFO]: [@: Block placed]
[13:01:57] [Server thread/INFO]: [@: Block placed]
[13:01:57] [Server thread/INFO]: [@: Block placed]
[13:01:57] [Server thread/INFO]: [@: Block placed]
[13:01:57] [Server thread/INFO]: [@: Block placed]
[13:01:57] [Server thread/INFO]: [@: Block placed]
[13:01:57] [Server thread/INFO]: [@: Block placed]
[13:01:57] [Server thread/INFO]: [@: Block placed]
[13:01:57] [Server thread/INFO]: [@: Block placed]
[13:01:57] [Server thread/INFO]: [@: Block placed]
[13:01:57] [Server thread/INFO]: [@: Block placed]
[13:01:57] [Server thread/INFO]: [@: Block placed]
[13:01:58] [Server thread/INFO]: [@: Block placed]
[13:01:58] [Server thread/INFO]: [@: Block placed]
[13:01:58] [Server thread/INFO]: [@: Block placed]
[13:01:58] [Server thread/INFO]: [@: Block placed]
[13:01:58] [Server thread/INFO]: [@: Block placed]
[13:01:58] [Server thread/INFO]: [@: Block placed]
[13:01:58] [Server thread/INFO]: [@: Block placed]
[13:01:58] [Server thread/INFO]: [@: Block placed]
[13:01:58] [Server thread/INFO]: [@: Block placed]
[13:01:58] [Server thread/INFO]: [@: Block placed]
[13:01:58] [Server thread/INFO]: [@: Block placed]
[13:01:58] [Server thread/INFO]: [@: Block placed]
[13:01:58] [Server thread/INFO]: [@: Block placed]
[13:01:58] [Server thread/INFO]: [@: Block placed]
[13:01:58] [Server thread/INFO]: [@: Block placed]
[13:01:58] [Server thread/INFO]: [@: Block placed]
[13:01:58] [Server thread/INFO]: [@: Block placed]
[13:01:58] [Server thread/INFO]: [@: Block placed]
[13:01:58] [Server thread/INFO]: [@: Block placed]
[13:01:58] [Server thread/INFO]: [@: Block placed]
[13:01:58] [Server thread/INFO]: [@: Block placed]
[13:01:58] [Server thread/INFO]: [@: Block placed]
[13:01:58] [Server thread/INFO]: [@: Block placed]
[13:01:58] [Server thread/INFO]: [@: Block placed]
[13:01:58] [Server thread/INFO]: [@: Block placed]
[13:01:58] [Server thread/INFO]: [@: Block placed]
[13:01:58] [Server thread/INFO]: [@: Block placed]
[13:01:58] [Server thread/INFO]: [@: Block placed]
[13:01:58] [Server thread/INFO]: [@: Block placed]
[13:01:58] [Server thread/INFO]: [@: Block placed]
[13:01:58] [Server thread/INFO]: [@: Block placed]
[13:01:58] [Server thread/INFO]: [@: Block placed]
[13:01:58] [Server thread/INFO]: [@: Block placed]
[13:01:58] [Server thread/INFO]: [@: Block placed]
[13:01:58] [Server thread/INFO]: [@: Block placed]
[13:01:58] [Server thread/INFO]: [@: Block placed]
[13:01:58] [Server thread/INFO]: [@: Block placed]
[13:01:58] [Server thread/INFO]: [@: Block placed]
[13:01:58] [Server thread/INFO]: [@: Block placed]
[13:01:58] [Server thread/INFO]: [@: Block placed]
[13:01:59] [Server thread/INFO]: [@: Block placed]
[13:01:59] [Server thread/INFO]: [@: Block placed]
[13:01:59] [Server thread/INFO]: [@: Block placed]
[13:01:59] [Server thread/INFO]: [@: Block placed]
[13:01:59] [Server thread/INFO]: [@: Block placed]
[13:01:59] [Server thread/INFO]: [@: Block placed]
[13:01:59] [Server thread/INFO]: [@: Block placed]
[13:01:59] [Server thread/INFO]: [@: Block placed]
[13:01:59] [Server thread/INFO]: [@: Block placed]
[13:01:59] [Server thread/INFO]: [@: Block placed]
[13:01:59] [Server thread/INFO]: [@: Block placed]
[13:01:59] [Server thread/INFO]: [@: Block placed]
[13:01:59] [Server thread/INFO]: [@: Block placed]
[13:01:59] [Server thread/INFO]: [@: Block placed]
[13:01:59] [Server thread/INFO]: [@: Block placed]
[13:01:59] [Server thread/INFO]: [@: Block placed]
[13:01:59] [Server thread/INFO]: [@: Block placed]
[13:01:59] [Server thread/INFO]: [@: Block placed]
[13:01:59] [Server thread/INFO]: [@: Block placed]
[13:01:59] [Server thread/INFO]: [@: Block placed]
[13:01:59] [Server thread/INFO]: [@: Block placed]
[13:01:59] [Server thread/INFO]: [@: Block placed]
[13:01:59] [Server thread/INFO]: [@: Block placed]
[13:01:59] [Server thread/INFO]: [@: Block placed]
[13:01:59] [Server thread/INFO]: [@: Block placed]
[13:01:59] [Server thread/INFO]: [@: Block placed]
[13:01:59] [Server thread/INFO]: [@: Block placed]
[13:01:59] [Server thread/INFO]: [@: Block placed]
[13:01:59] [Server thread/INFO]: [@: Block placed]
[13:01:59] [Server thread/INFO]: [@: Block placed]
[13:01:59] [Server thread/INFO]: [@: Block placed]
[13:01:59] [Server thread/INFO]: [@: Block placed]
[13:01:59] [Server thread/INFO]: [@: Block placed]
[13:01:59] [Server thread/INFO]: [@: Block placed]
[13:01:59] [Server thread/INFO]: [@: Block placed]
[13:01:59] [Server thread/INFO]: [@: Block placed]
[13:01:59] [Server thread/INFO]: [@: Block placed]
[13:01:59] [Server thread/INFO]: [@: Block placed]
[13:01:59] [Server thread/INFO]: [@: Block placed]
[13:01:59] [Server thread/INFO]: [@: Block placed]
[13:02:00] [Server thread/INFO]: [@: Block placed]
[13:02:00] [Server thread/INFO]: [@: Block placed]
[13:02:00] [Server thread/INFO]: [@: Block placed]
[13:02:00] [Server thread/INFO]: [@: Block placed]
[13:02:00] [Server thread/INFO]: [@: Block placed]
[13:02:00] [Server thread/INFO]: [@: Block placed]
[13:02:00] [Server thread/INFO]: [@: Block placed]
[13:02:00] [Server thread/INFO]: [@: Block placed]
[13:02:00] [Server thread/INFO]: [@: Block placed]
[13:02:00] [Server thread/INFO]: [@: Block placed]
[13:02:00] [Server thread/INFO]: [@: Block placed]
[13:02:00] [Server thread/INFO]: [@: Block placed]
[13:02:00] [Server thread/INFO]: [@: Block placed]
[13:02:00] [Server thread/INFO]: [@: Block placed]
[13:02:00] [Server thread/INFO]: [@: Block placed]
[13:02:00] [Server thread/INFO]: [@: Block placed]
[13:02:00] [Server thread/INFO]: [@: Block placed]
[13:02:00] [Server thread/INFO]: [@: Block placed]
[13:02:00] [Server thread/INFO]: [@: Block placed]
[13:02:00] [Server thread/INFO]: [@: Block placed]
[13:02:00] [Server thread/INFO]: [@: Block placed]
[13:02:00] [Server thread/INFO]: [@: Block placed]
[13:02:00] [Server thread/INFO]: [@: Block placed]
[13:02:00] [Server thread/INFO]: [@: Block placed]
[13:02:00] [Server thread/INFO]: [@: Block placed]
[13:02:00] [Server thread/INFO]: [@: Block placed]
[13:02:00] [Server thread/INFO]: [@: Block placed]
[13:02:00] [Server thread/INFO]: [@: Block placed]
[13:02:00] [Server thread/INFO]: [@: Block placed]
[13:02:00] [Server thread/INFO]: [@: Block placed]
[13:02:00] [Server thread/INFO]: [@: Block placed]
[13:02:00] [Server thread/INFO]: [@: Block placed]
[13:02:00] [Server thread/INFO]: [@: Block placed]
[13:02:00] [Server thread/INFO]: [@: Block placed]
[13:02:00] [Server thread/INFO]: [@: Block placed]
[13:02:00] [Server thread/INFO]: [@: Block placed]
[13:02:00] [Server thread/INFO]: [@: Block placed]
[13:02:00] [Server thread/INFO]: [@: Block placed]
[13:02:00] [Server thread/INFO]: [@: Block placed]
[13:02:00] [Server thread/INFO]: [@: Block placed]
[13:02:01] [Server thread/INFO]: [@: Block placed]
[13:02:01] [Server thread/INFO]: [@: Block placed]
[13:02:01] [Server thread/INFO]: [@: Block placed]
[13:02:01] [Server thread/INFO]: [@: Block placed]
[13:02:01] [Server thread/INFO]: [@: Block placed]
[13:02:01] [Server thread/INFO]: [@: Block placed]
[13:02:01] [Server thread/INFO]: [@: Block placed]
[13:02:01] [Server thread/INFO]: [@: Block placed]
[13:02:01] [Server thread/INFO]: [@: Block placed]
[13:02:01] [Server thread/INFO]: [@: Block placed]
[13:02:01] [Server thread/INFO]: [@: Block placed]
[13:02:01] [Server thread/INFO]: [@: Block placed]
[13:02:01] [Server thread/INFO]: [@: Block placed]
[13:02:01] [Server thread/INFO]: [@: Block placed]
[13:02:01] [Server thread/INFO]: [@: Block placed]
[13:02:01] [Server thread/INFO]: [@: Block placed]
[13:02:01] [Server thread/INFO]: [@: Block placed]
[13:02:01] [Server thread/INFO]: [@: Block placed]
[13:02:01] [Server thread/INFO]: [@: Block placed]
[13:02:01] [Server thread/INFO]: [@: Block placed]
[13:02:01] [Server thread/INFO]: [@: Block placed]
[13:02:01] [Server thread/INFO]: [@: Block placed]
[13:02:01] [Server thread/INFO]: [@: Block placed]
[13:02:01] [Server thread/INFO]: [@: Block placed]
[13:02:01] [Server thread/INFO]: [@: Block placed]
[13:02:01] [Server thread/INFO]: [@: Block placed]
[13:02:01] [Server thread/INFO]: [@: Block placed]
[13:02:01] [Server thread/INFO]: [@: Block placed]
[13:02:01] [Server thread/INFO]: [@: Block placed]
[13:02:01] [Server thread/INFO]: [@: Block placed]
[13:02:01] [Server thread/INFO]: [@: Block placed]
[13:02:01] [Server thread/INFO]: [@: Block placed]
[13:02:01] [Server thread/INFO]: [@: Block placed]
[13:02:01] [Server thread/INFO]: [@: Block placed]
[13:02:01] [Server thread/INFO]: [@: Block placed]
[13:02:01] [Server thread/INFO]: [@: Block placed]
[13:02:01] [Server thread/INFO]: [@: Block placed]
[13:02:01] [Server thread/INFO]: [@: Block placed]
[13:02:01] [Server thread/INFO]: [@: Block placed]
[13:02:01] [Server thread/INFO]: [@: Block placed]
[13:02:02] [Server thread/INFO]: [@: Block placed]
[13:02:02] [Server thread/INFO]: [@: Block placed]
[13:02:02] [Server thread/INFO]: [@: Block placed]
[13:02:02] [Server thread/INFO]: [@: Block placed]
[13:02:02] [Server thread/INFO]: [@: Block placed]
[13:02:02] [Server thread/INFO]: [@: Block placed]
[13:02:02] [Server thread/INFO]: [@: Block placed]
[13:02:02] [Server thread/INFO]: [@: Block placed]
[13:02:02] [Server thread/INFO]: [@: Block placed]
[13:02:02] [Server thread/INFO]: [@: Block placed]
[13:02:02] [Server thread/INFO]: [@: Block placed]
[13:02:02] [Server thread/INFO]: [@: Block placed]
[13:02:02] [Server thread/INFO]: [@: Block placed]
[13:02:02] [Server thread/INFO]: [@: Block placed]
[13:02:02] [Server thread/INFO]: [@: Block placed]
[13:02:02] [Server thread/INFO]: [@: Block placed]
[13:02:02] [Server thread/INFO]: [@: Block placed]
[13:02:02] [Server thread/INFO]: [@: Block placed]
[13:02:02] [Server thread/INFO]: [@: Block placed]
[13:02:02] [Server thread/INFO]: [@: Block placed]
[13:02:02] [Server thread/INFO]: [@: Block placed]
[13:02:02] [Server thread/INFO]: [@: Block placed]
[13:02:02] [Server thread/INFO]: [@: Block placed]
[13:02:02] [Server thread/INFO]: [@: Block placed]
[13:02:02] [Server thread/INFO]: [@: Block placed]
[13:02:02] [Server thread/INFO]: [@: Block placed]
[13:02:02] [Server thread/INFO]: [@: Block placed]
[13:02:02] [Server thread/INFO]: [@: Block placed]
[13:02:02] [Server thread/INFO]: [@: Block placed]
[13:02:02] [Server thread/INFO]: [@: Block placed]
[13:02:02] [Server thread/INFO]: [@: Block placed]
[13:02:02] [Server thread/INFO]: [@: Block placed]
[13:02:02] [Server thread/INFO]: [@: Block placed]
[13:02:02] [Server thread/INFO]: [@: Block placed]
[13:02:02] [Server thread/INFO]: [@: Block placed]
[13:02:02] [Server thread/INFO]: [@: Block placed]
[13:02:02] [Server thread/INFO]: [@: Block placed]
[13:02:02] [Server thread/INFO]: [@: Block placed]
[13:02:02] [Server thread/INFO]: [@: Block placed]
[13:02:02] [Server thread/INFO]: [@: Block placed]
[13:02:03] [Server thread/INFO]: [@: Block placed]
[13:02:03] [Server thread/INFO]: [@: Block placed]
[13:02:03] [Server thread/INFO]: [@: Block placed]
[13:02:03] [Server thread/INFO]: [@: Block placed]
[13:02:03] [Server thread/INFO]: [@: Block placed]
[13:02:03] [Server thread/INFO]: [@: Block placed]
[13:02:03] [Server thread/INFO]: [@: Block placed]
[13:02:03] [Server thread/INFO]: [@: Block placed]
[13:02:03] [Server thread/INFO]: [@: Block placed]
[13:02:03] [Server thread/INFO]: [@: Block placed]
[13:02:03] [Server thread/INFO]: [@: Block placed]
[13:02:03] [Server thread/INFO]: [@: Block placed]
[13:02:03] [Server thread/INFO]: [@: Block placed]
[13:02:03] [Server thread/INFO]: [@: Block placed]
[13:02:03] [Server thread/INFO]: [@: Block placed]
[13:02:03] [Server thread/INFO]: [@: Block placed]
[13:02:03] [Server thread/INFO]: [@: Block placed]
[13:02:03] [Server thread/INFO]: [@: Block placed]
[13:02:03] [Server thread/INFO]: [@: Block placed]
[13:02:03] [Server thread/INFO]: [@: Block placed]
[13:02:03] [Server thread/INFO]: [@: Block placed]
[13:02:03] [Server thread/INFO]: [@: Block placed]
[13:02:03] [Server thread/INFO]: [@: Block placed]
[13:02:03] [Server thread/INFO]: [@: Block placed]
[13:02:03] [Server thread/INFO]: [@: Block placed]
[13:02:03] [Server thread/INFO]: [@: Block placed]
[13:02:03] [Server thread/INFO]: [@: Block placed]
[13:02:03] [Server thread/INFO]: [@: Block placed]
[13:02:03] [Server thread/INFO]: [@: Block placed]
[13:02:03] [Server thread/INFO]: [@: Block placed]
[13:02:03] [Server thread/INFO]: [@: Block placed]
[13:02:03] [Server thread/INFO]: [@: Block placed]
[13:02:03] [Server thread/INFO]: [@: Block placed]
[13:02:03] [Server thread/INFO]: [@: Block placed]
[13:02:03] [Server thread/INFO]: [@: Block placed]
[13:02:03] [Server thread/INFO]: [@: Block placed]
[13:02:03] [Server thread/INFO]: [@: Block placed]
[13:02:03] [Server thread/INFO]: [@: Block placed]
[13:02:03] [Server thread/INFO]: [@: Block placed]
[13:02:03] [Server thread/INFO]: [@: Block placed]
[13:02:04] [Server thread/INFO]: [@: Block placed]
[13:02:04] [Server thread/INFO]: [@: Block placed]
[13:02:04] [Server thread/INFO]: [@: Block placed]
[13:02:04] [Server thread/INFO]: [@: Block placed]
[13:02:04] [Server thread/INFO]: [@: Block placed]
[13:02:04] [Server thread/INFO]: [@: Block placed]
[13:02:04] [Server thread/INFO]: [@: Block placed]
[13:02:04] [Server thread/INFO]: [@: Block placed]
[13:02:04] [Server thread/INFO]: [@: Block placed]
[13:02:04] [Server thread/INFO]: [@: Block placed]
[13:02:04] [Server thread/INFO]: [@: Block placed]
[13:02:04] [Server thread/INFO]: [@: Block placed]
[13:02:04] [Server thread/INFO]: [@: Block placed]
[13:02:04] [Server thread/INFO]: [@: Block placed]
[13:02:04] [Server thread/INFO]: [@: Block placed]
[13:02:04] [Server thread/INFO]: [@: Block placed]
[13:02:04] [Server thread/INFO]: [@: Block placed]
[13:02:04] [Server thread/INFO]: [@: Block placed]
[13:02:04] [Server thread/INFO]: [@: Block placed]
[13:02:04] [Server thread/INFO]: [@: Block placed]
[13:02:04] [Server thread/INFO]: [@: Block placed]
[13:02:04] [Server thread/INFO]: [@: Block placed]
[13:02:04] [Server thread/INFO]: [@: Block placed]
[13:02:04] [Server thread/INFO]: [@: Block placed]
[13:02:04] [Server thread/INFO]: [@: Block placed]
[13:02:04] [Server thread/INFO]: [@: Block placed]
[13:02:04] [Server thread/INFO]: [@: Block placed]
[13:02:04] [Server thread/INFO]: [@: Block placed]
[13:02:04] [Server thread/INFO]: [@: Block placed]
[13:02:04] [Server thread/INFO]: [@: Block placed]
[13:02:04] [Server thread/INFO]: [@: Block placed]
[13:02:04] [Server thread/INFO]: [@: Block placed]
[13:02:04] [Server thread/INFO]: [@: Block placed]
[13:02:04] [Server thread/INFO]: [@: Block placed]
[13:02:04] [Server thread/INFO]: [@: Block placed]
[13:02:04] [Server thread/INFO]: [@: Block placed]
[13:02:04] [Server thread/INFO]: [@: Block placed]
[13:02:04] [Server thread/INFO]: [@: Block placed]
[13:02:04] [Server thread/INFO]: [@: Block placed]
[13:02:04] [Server thread/INFO]: [@: Block placed]
[13:02:05] [Server thread/INFO]: [@: Block placed]
[13:02:05] [Server thread/INFO]: [@: Block placed]
[13:02:05] [Server thread/INFO]: [@: Block placed]
[13:02:05] [Server thread/INFO]: [@: Block placed]
[13:02:05] [Server thread/INFO]: [@: Block placed]
[13:02:05] [Server thread/INFO]: [@: Block placed]
[13:02:05] [Server thread/INFO]: [@: Block placed]
[13:02:05] [Server thread/INFO]: [@: Block placed]
[13:02:05] [Server thread/INFO]: [@: Block placed]
[13:02:05] [Server thread/INFO]: [@: Block placed]
[13:02:05] [Server thread/INFO]: [@: Block placed]
[13:02:05] [Server thread/INFO]: [@: Block placed]
[13:02:05] [Server thread/INFO]: [@: Block placed]
[13:02:05] [Server thread/INFO]: [@: Block placed]
[13:02:05] [Server thread/INFO]: [@: Block placed]
[13:02:05] [Server thread/INFO]: [@: Block placed]
[13:02:05] [Server thread/INFO]: [@: Block placed]
[13:02:05] [Server thread/INFO]: [@: Block placed]
[13:02:05] [Server thread/INFO]: [@: Block placed]
[13:02:05] [Server thread/INFO]: [@: Block placed]
[13:02:05] [Server thread/INFO]: [@: Block placed]
[13:02:05] [Server thread/INFO]: [@: Block placed]
[13:02:05] [Server thread/INFO]: [@: Block placed]
[13:02:05] [Server thread/INFO]: [@: Block placed]
[13:02:05] [Server thread/INFO]: [@: Block placed]
[13:02:05] [Server thread/INFO]: [@: Block placed]
[13:02:05] [Server thread/INFO]: [@: Block placed]
[13:02:05] [Server thread/INFO]: [@: Block placed]
[13:02:05] [Server thread/INFO]: [@: Block placed]
[13:02:05] [Server thread/INFO]: [@: Block placed]
[13:02:05] [Server thread/INFO]: [@: Block placed]
[13:02:05] [Server thread/INFO]: [@: Block placed]
[13:02:05] [Server thread/INFO]: [@: Block placed]
[13:02:05] [Server thread/INFO]: [@: Block placed]
[13:02:05] [Server thread/INFO]: [@: Block placed]
[13:02:05] [Server thread/INFO]: [@: Block placed]
[13:02:05] [Server thread/INFO]: [@: Block placed]
[13:02:05] [Server thread/INFO]: [@: Block placed]
[13:02:05] [Server thread/INFO]: [@: Block placed]
[13:02:05] [Server thread/INFO]: [@: Block placed]
[13:02:06] [Server thread/INFO]: [@: Block placed]
[13:02:06] [Server thread/INFO]: [@: Block placed]
[13:02:06] [Server thread/INFO]: [@: Block placed]
[13:02:06] [Server thread/INFO]: [@: Block placed]
[13:02:06] [Server thread/INFO]: [@: Block placed]
[13:02:06] [Server thread/INFO]: [@: Block placed]
[13:02:06] [Server thread/INFO]: [@: Block placed]
[13:02:06] [Server thread/INFO]: [@: Block placed]
[13:02:06] [Server thread/INFO]: [@: Block placed]
[13:02:06] [Server thread/INFO]: [@: Block placed]
[13:02:06] [Server thread/INFO]: [@: Block placed]
[13:02:06] [Server thread/INFO]: [@: Block placed]
[13:02:06] [Server thread/INFO]: [@: Block placed]
[13:02:06] [Server thread/INFO]: [@: Block placed]
[13:02:06] [Server thread/INFO]: [@: Block placed]
[13:02:06] [Server thread/INFO]: [@: Block placed]
[13:02:06] [Server thread/INFO]: [@: Block placed]
[13:02:06] [Server thread/INFO]: [@: Block placed]
[13:02:06] [Server thread/INFO]: [@: Block placed]
[13:02:06] [Server thread/INFO]: [@: Block placed]
[13:02:06] [Server thread/INFO]: [@: Block placed]
[13:02:06] [Server thread/INFO]: [@: Block placed]
[13:02:06] [Server thread/INFO]: [@: Block placed]
[13:02:06] [Server thread/INFO]: [@: Block placed]
[13:02:06] [Server thread/INFO]: [@: Block placed]
[13:02:06] [Server thread/INFO]: [@: Block placed]
[13:02:06] [Server thread/INFO]: [@: Block placed]
[13:02:06] [Server thread/INFO]: [@: Block placed]
[13:02:06] [Server thread/INFO]: [@: Block placed]
[13:02:06] [Server thread/INFO]: [@: Block placed]
[13:02:06] [Server thread/INFO]: [@: Block placed]
[13:02:06] [Server thread/INFO]: [@: Block placed]
[13:02:06] [Server thread/INFO]: [@: Block placed]
[13:02:06] [Server thread/INFO]: [@: Block placed]
[13:02:06] [Server thread/INFO]: [@: Block placed]
[13:02:06] [Server thread/INFO]: [@: Block placed]
[13:02:06] [Server thread/INFO]: [@: Block placed]
[13:02:06] [Server thread/INFO]: [@: Block placed]
[13:02:06] [Server thread/INFO]: [@: Block placed]
[13:02:06] [Server thread/INFO]: [@: Block placed]
[13:02:07] [Server thread/INFO]: [@: Block placed]
[13:02:07] [Server thread/INFO]: [@: Block placed]
[13:02:07] [Server thread/INFO]: [@: Block placed]
[13:02:07] [Server thread/INFO]: [@: Block placed]
[13:02:07] [Server thread/INFO]: [@: Block placed]
[13:02:07] [Server thread/INFO]: [@: Block placed]
[13:02:07] [Server thread/INFO]: [@: Block placed]
[13:02:07] [Server thread/INFO]: [@: Block placed]
[13:02:07] [Server thread/INFO]: [@: Block placed]
[13:02:07] [Server thread/INFO]: [@: Block placed]
[13:02:07] [Server thread/INFO]: [@: Block placed]
[13:02:07] [Server thread/INFO]: [@: Block placed]
[13:02:07] [Server thread/INFO]: [@: Block placed]
[13:02:07] [Server thread/INFO]: [@: Block placed]
[13:02:07] [Server thread/INFO]: [@: Block placed]
[13:02:07] [Server thread/INFO]: [@: Block placed]
[13:02:07] [Server thread/INFO]: [@: Block placed]
[13:02:07] [Server thread/INFO]: [@: Block placed]
[13:02:07] [Server thread/INFO]: [@: Block placed]
[13:02:07] [Server thread/INFO]: [@: Block placed]
[13:02:07] [Server thread/INFO]: [@: Block placed]
[13:02:07] [Server thread/INFO]: [@: Block placed]
[13:02:07] [Server thread/INFO]: [@: Block placed]
[13:02:07] [Server thread/INFO]: [@: Block placed]
[13:02:07] [Server thread/INFO]: [@: Block placed]
[13:02:07] [Server thread/INFO]: [@: Block placed]
[13:02:07] [Server thread/INFO]: [@: Block placed]
[13:02:07] [Server thread/INFO]: [@: Block placed]
[13:02:07] [Server thread/INFO]: [@: Block placed]
[13:02:07] [Server thread/INFO]: [@: Block placed]
[13:02:07] [Server thread/INFO]: [@: Block placed]
[13:02:07] [Server thread/INFO]: [@: Block placed]
[13:02:07] [Server thread/INFO]: [@: Block placed]
[13:02:07] [Server thread/INFO]: [@: Block placed]
[13:02:07] [Server thread/INFO]: [@: Block placed]
[13:02:07] [Server thread/INFO]: [@: Block placed]
[13:02:07] [Server thread/INFO]: [@: Block placed]
[13:02:07] [Server thread/INFO]: [@: Block placed]
[13:02:07] [Server thread/INFO]: [@: Block placed]
[13:02:07] [Server thread/INFO]: [@: Block placed]
[13:02:08] [Server thread/INFO]: [@: Block placed]
[13:02:08] [Server thread/INFO]: [@: Block placed]
[13:02:08] [Server thread/INFO]: [@: Block placed]
[13:02:08] [Server thread/INFO]: [@: Block placed]
[13:02:08] [Server thread/INFO]: [@: Block placed]
[13:02:08] [Server thread/INFO]: [@: Block placed]
[13:02:08] [Server thread/INFO]: [@: Block placed]
[13:02:08] [Server thread/INFO]: [@: Block placed]
[13:02:08] [Server thread/INFO]: [@: Block placed]
[13:02:08] [Server thread/INFO]: [@: Block placed]
[13:02:08] [Server thread/INFO]: [@: Block placed]
[13:02:08] [Server thread/INFO]: [@: Block placed]
[13:02:08] [Server thread/INFO]: [@: Block placed]
[13:02:08] [Server thread/INFO]: [@: Block placed]
[13:02:08] [Server thread/INFO]: [@: Block placed]
[13:02:08] [Server thread/INFO]: [@: Block placed]
[13:02:08] [Server thread/INFO]: [@: Block placed]
[13:02:08] [Server thread/INFO]: [@: Block placed]
[13:02:08] [Server thread/INFO]: [@: Block placed]
[13:02:08] [Server thread/INFO]: [@: Block placed]
[13:02:08] [Server thread/INFO]: [@: Block placed]
[13:02:08] [Server thread/INFO]: [@: Block placed]
[13:02:08] [Server thread/INFO]: [@: Block placed]
[13:02:08] [Server thread/INFO]: [@: Block placed]
[13:02:08] [Server thread/INFO]: [@: Block placed]
[13:02:08] [Server thread/INFO]: [@: Block placed]
[13:02:08] [Server thread/INFO]: [@: Block placed]
[13:02:08] [Server thread/INFO]: [@: Block placed]
[13:02:08] [Server thread/INFO]: [@: Block placed]
[13:02:08] [Server thread/INFO]: [@: Block placed]
[13:02:08] [Server thread/INFO]: [@: Block placed]
[13:02:08] [Server thread/INFO]: [@: Block placed]
[13:02:08] [Server thread/INFO]: [@: Block placed]
[13:02:08] [Server thread/INFO]: [@: Block placed]
[13:02:08] [Server thread/INFO]: [@: Block placed]
[13:02:08] [Server thread/INFO]: [@: Block placed]
[13:02:08] [Server thread/INFO]: [@: Block placed]
[13:02:08] [Server thread/INFO]: [@: Block placed]
[13:02:08] [Client thread/INFO]: [org.lwjgl.input.GLFWInputImplementation:grabMouse:65]: Grab: false
[13:02:08] [Server thread/INFO]: [@: Block placed]
[13:02:08] [Server thread/INFO]: [@: Block placed]
[13:02:09] [Server thread/INFO]: [@: Block placed]
[13:02:09] [Server thread/INFO]: [@: Block placed]
[13:02:09] [Server thread/INFO]: Saving and pausing game...
[13:02:09] [Client thread/INFO]: [org.lwjgl.glfw.GLFW:glfwSetWindowSize:1212]: GLFW: Set size for window 491007437920, width=1600, height=719
[13:02:09] [Server thread/INFO]: Saving chunks for level 'AOC testing Mod'/overworld
[13:02:09] [Client thread/INFO]: [org.lwjgl.input.GLFWInputImplementation:grabMouse:65]: Grab: true
[13:02:09] [Server thread/INFO]: [@: Block placed]
[13:02:09] [Server thread/INFO]: [@: Block placed]
[13:02:09] [Server thread/INFO]: [@: Block placed]
[13:02:09] [Server thread/INFO]: [@: Block placed]
[13:02:09] [Server thread/INFO]: [@: Block placed]
[13:02:09] [Server thread/INFO]: [@: Block placed]
[13:02:09] [Server thread/INFO]: [@: Block placed]
[13:02:09] [Server thread/INFO]: [@: Block placed]
[13:02:09] [Server thread/INFO]: [@: Block placed]
[13:02:09] [Server thread/INFO]: [@: Block placed]
[13:02:10] [Server thread/INFO]: [@: Block placed]
[13:02:10] [Server thread/INFO]: [@: Block placed]
[13:02:10] [Server thread/INFO]: [@: Block placed]
[13:02:10] [Server thread/INFO]: [@: Block placed]
[13:02:10] [Server thread/INFO]: [@: Block placed]
[13:02:10] [Server thread/INFO]: [@: Block placed]
[13:02:10] [Server thread/INFO]: [@: Block placed]
[13:02:10] [Server thread/INFO]: [@: Block placed]
[13:02:10] [Server thread/INFO]: [@: Block placed]
[13:02:10] [Server thread/INFO]: [@: Block placed]
[13:03:06] [Server thread/INFO]: [@: Killed item.tile.dirt.default]
[13:03:06] [Server thread/INFO]: [@: Killed item.tile.dirt.default]
[13:03:06] [Server thread/INFO]: [@: Killed item.tile.dirt.default]
[13:03:06] [Server thread/INFO]: [@: Killed item.tile.dirt.default]
[13:03:06] [Server thread/INFO]: [@: Killed item.tile.dirt.default]
[13:03:06] [Server thread/INFO]: [@: Killed item.tile.dirt.default]
[13:03:06] [Server thread/INFO]: [@: Killed item.tile.dirt.default]
[13:03:06] [Server thread/INFO]: [@: Killed item.tile.dirt.default]
[13:03:06] [Server thread/INFO]: [@: Killed item.tile.dirt.default]
[13:03:06] [Server thread/INFO]: [@: Killed item.tile.dirt.default]
[13:03:06] [Server thread/INFO]: [@: Killed item.tile.dirt.default]
[13:03:06] [Server thread/INFO]: [@: Killed item.tile.dirt.default]
[13:03:06] [Server thread/INFO]: [@: Killed item.tile.dirt.default]
[13:03:06] [Server thread/INFO]: [@: Killed item.tile.dirt.default]
[13:03:06] [Server thread/INFO]: [@: Killed item.tile.dirt.default]
[13:03:06] [Server thread/INFO]: [@: Killed item.tile.dirt.default]
[13:03:23] [Client thread/INFO]: [org.lwjgl.input.GLFWInputImplementation:grabMouse:65]: Grab: false
[13:03:25] [Client thread/INFO]: [org.lwjgl.input.GLFWInputImplementation:grabMouse:65]: Grab: true
[13:03:59] [Client thread/INFO]: [org.lwjgl.input.GLFWInputImplementation:grabMouse:65]: Grab: false
[13:03:59] [Server thread/INFO]: Saving and pausing game...
[13:03:59] [Server thread/INFO]: Saving chunks for level 'AOC testing Mod'/overworld
[13:04:00] [Client thread/INFO]: [org.lwjgl.input.GLFWInputImplementation:grabMouse:65]: Grab: true
[13:04:14] [Client thread/INFO]: [org.lwjgl.input.GLFWInputImplementation:grabMouse:65]: Grab: false
[13:04:18] [Client thread/INFO]: [org.lwjgl.input.GLFWInputImplementation:grabMouse:65]: Grab: true
[13:04:23] [Client thread/INFO]: [org.lwjgl.input.GLFWInputImplementation:grabMouse:65]: Grab: false
[13:04:31] [Client thread/INFO]: [org.lwjgl.input.GLFWInputImplementation:grabMouse:65]: Grab: true
[13:04:34] [Client thread/INFO]: [org.lwjgl.input.GLFWInputImplementation:grabMouse:65]: Grab: false
[13:04:34] [Client thread/INFO]: [org.lwjgl.input.GLFWInputImplementation:grabMouse:65]: Grab: true
[13:04:39] [Client thread/INFO]: [org.lwjgl.input.GLFWInputImplementation:grabMouse:65]: Grab: false
[13:04:40] [Client thread/INFO]: [org.lwjgl.input.GLFWInputImplementation:grabMouse:65]: Grab: true
[13:04:41] [Client thread/INFO]: [org.lwjgl.input.GLFWInputImplementation:grabMouse:65]: Grab: false
[13:04:41] [Server thread/INFO]: Saving and pausing game...
[13:04:41] [Server thread/INFO]: Saving chunks for level 'AOC testing Mod'/overworld
[13:04:43] [Client thread/INFO]: [org.lwjgl.input.GLFWInputImplementation:grabMouse:65]: Grab: true
[13:04:45] [Client thread/INFO]: [org.lwjgl.input.GLFWInputImplementation:grabMouse:65]: Grab: false
[13:04:51] [Client thread/INFO]: [org.lwjgl.input.GLFWInputImplementation:grabMouse:65]: Grab: true
[13:04:51] [Client thread/INFO]: [CHAT] Usage: /fill <x1> <y1> <z1> <x2> <y2> <z2> <block> [dataValue|state] [oldBlockHandling] [dataTag]
[13:04:57] [Client thread/INFO]: [org.lwjgl.input.GLFWInputImplementation:grabMouse:65]: Grab: false
[13:05:01] [Client thread/INFO]: [org.lwjgl.input.GLFWInputImplementation:grabMouse:65]: Grab: true
[13:05:01] [Client thread/INFO]: [CHAT] Usage: /fill <x1> <y1> <z1> <x2> <y2> <z2> <block> [dataValue|state] [oldBlockHandling] [dataTag]
[13:05:06] [Client thread/INFO]: [org.lwjgl.input.GLFWInputImplementation:grabMouse:65]: Grab: false
[13:05:06] [Server thread/INFO]: Saving and pausing game...
[13:05:06] [Server thread/INFO]: Saving chunks for level 'AOC testing Mod'/overworld
[13:05:07] [Client thread/INFO]: [org.lwjgl.input.GLFWInputImplementation:grabMouse:65]: Grab: true
[13:05:07] [Client thread/INFO]: [org.lwjgl.input.GLFWInputImplementation:grabMouse:65]: Grab: false
[13:05:09] [Client thread/INFO]: [org.lwjgl.input.GLFWInputImplementation:grabMouse:65]: Grab: true
[13:05:09] [Client thread/INFO]: [org.lwjgl.input.GLFWInputImplementation:grabMouse:65]: Grab: false
[13:05:09] [Server thread/INFO]: Saving and pausing game...
[13:05:09] [Server thread/INFO]: Saving chunks for level 'AOC testing Mod'/overworld
[13:05:11] [Client thread/INFO]: [org.lwjgl.input.GLFWInputImplementation:grabMouse:65]: Grab: true
[13:05:11] [Client thread/INFO]: [CHAT] Command set: /fill -79 9 -985 -105 48 -967
[13:05:11] [Client thread/INFO]: [org.lwjgl.input.GLFWInputImplementation:grabMouse:65]: Grab: false
[13:05:11] [Server thread/INFO]: Saving and pausing game...
[13:05:11] [Server thread/INFO]: Saving chunks for level 'AOC testing Mod'/overworld
[13:05:14] [Client thread/INFO]: [org.lwjgl.input.GLFWInputImplementation:grabMouse:65]: Grab: true
[13:05:14] [Client thread/INFO]: [CHAT] Command set: /fill -79 9 -985 -105 48 -967 air
[13:05:15] [Client thread/INFO]: [org.lwjgl.input.GLFWInputImplementation:grabMouse:65]: Grab: false
[13:05:15] [Server thread/INFO]: Saving and pausing game...
[13:05:15] [Server thread/INFO]: Saving chunks for level 'AOC testing Mod'/overworld
[13:05:20] [Client thread/INFO]: [org.lwjgl.input.GLFWInputImplementation:grabMouse:65]: Grab: true
[13:05:20] [Client thread/INFO]: [CHAT] Command set: /fill -79 9 -985 -105 48 -967 minecraft:ender_chest
[13:05:23] [Server thread/INFO]: [@: 20520 blocks filled]
[13:05:53] [Client thread/INFO]: [org.lwjgl.input.GLFWInputImplementation:grabMouse:65]: Grab: false
[13:05:53] [Client thread/INFO]: [org.lwjgl.input.GLFWInputImplementation:grabMouse:65]: Grab: true
[13:05:59] [Client thread/INFO]: [org.lwjgl.input.GLFWInputImplementation:grabMouse:65]: Grab: false
[13:06:11] [Client thread/INFO]: [org.lwjgl.input.GLFWInputImplementation:grabMouse:65]: Grab: true
[13:06:12] [Client thread/INFO]: [CHAT] Usage: /fill <x1> <y1> <z1> <x2> <y2> <z2> <block> [dataValue|state] [oldBlockHandling] [dataTag]
[13:06:29] [Client thread/INFO]: [org.lwjgl.input.GLFWInputImplementation:grabMouse:65]: Grab: false
[13:06:31] [Client thread/INFO]: Loaded 15 advancements
[13:06:32] [Client thread/INFO]: [org.lwjgl.input.GLFWInputImplementation:grabMouse:65]: Grab: true
[13:06:33] [Client thread/INFO]: [org.lwjgl.input.GLFWInputImplementation:grabMouse:65]: Grab: false
[13:06:53] [Client thread/INFO]: [org.lwjgl.input.GLFWInputImplementation:grabMouse:65]: Grab: true
[13:06:54] [Server thread/WARN]: Can't keep up! Did the system time change, or is the server overloaded? Running 2015ms behind, skipping 40 tick(s)
[13:06:58] [Client thread/INFO]: [org.lwjgl.input.GLFWInputImplementation:grabMouse:65]: Grab: false
[13:07:19] [Client thread/INFO]: [org.lwjgl.input.GLFWInputImplementation:grabMouse:65]: Grab: true
[13:07:19] [Client thread/INFO]: [CHAT] Usage: /fill <x1> <y1> <z1> <x2> <y2> <z2> <block> [dataValue|state] [oldBlockHandling] [dataTag]
[13:07:22] [Server thread/WARN]: Can't keep up! Did the system time change, or is the server overloaded? Running 2016ms behind, skipping 40 tick(s)
[13:07:30] [Client thread/INFO]: [org.lwjgl.input.GLFWInputImplementation:grabMouse:65]: Grab: false
[13:07:39] [Client thread/INFO]: [CHAT] minecraft:sand, minecraft:sandstone, minecraft:sandstone_stairs
[13:07:40] [Client thread/INFO]: [CHAT] minecraft:sand, minecraft:sandstone, minecraft:sandstone_stairs
[13:07:41] [Client thread/INFO]: [org.lwjgl.input.GLFWInputImplementation:grabMouse:65]: Grab: true
[13:07:41] [Server thread/INFO]: [Raposito9: 2009 blocks filled]
[13:07:41] [Client thread/INFO]: [CHAT] 2009 blocks filled
[13:08:18] [Server thread/WARN]: Can't keep up! Did the system time change, or is the server overloaded? Running 2104ms behind, skipping 42 tick(s)
[13:08:36] [Client thread/INFO]: [org.lwjgl.input.GLFWInputImplementation:grabMouse:65]: Grab: false
[13:08:37] [Server thread/WARN]: Can't keep up! Did the system time change, or is the server overloaded? Running 2527ms behind, skipping 50 tick(s)
[13:08:37] [Server thread/INFO]: Saving and pausing game...
[13:08:37] [Server thread/INFO]: Saving chunks for level 'AOC testing Mod'/overworld
[13:08:38] [Client thread/INFO]: [org.lwjgl.glfw.GLFW:glfwSetWindowSize:1212]: GLFW: Set size for window 491007437920, width=1600, height=719
[13:08:39] [Client thread/INFO]: [org.lwjgl.input.GLFWInputImplementation:grabMouse:65]: Grab: true
[13:08:56] [Client thread/INFO]: [org.lwjgl.input.GLFWInputImplementation:grabMouse:65]: Grab: false
[13:08:56] [Server thread/INFO]: Saving and pausing game...
[13:08:56] [Server thread/INFO]: Saving chunks for level 'AOC testing Mod'/overworld
[13:08:58] [Client thread/INFO]: [org.lwjgl.input.GLFWInputImplementation:grabMouse:65]: Grab: true
[13:09:03] [Server thread/INFO]: [@: 20520 blocks filled]
[13:09:03] [Server thread/WARN]: Can't keep up! Did the system time change, or is the server overloaded? Running 3451ms behind, skipping 69 tick(s)
[13:09:49] [Client thread/INFO]: [org.lwjgl.input.GLFWInputImplementation:grabMouse:65]: Grab: false
[13:09:52] [Client thread/INFO]: [org.lwjgl.input.GLFWInputImplementation:grabMouse:65]: Grab: true
[13:10:11] [Client thread/INFO]: [org.lwjgl.input.GLFWInputImplementation:grabMouse:65]: Grab: false
[13:10:12] [Client thread/INFO]: [org.lwjgl.input.GLFWInputImplementation:grabMouse:65]: Grab: true
[13:10:13] [Client thread/INFO]: [org.lwjgl.input.GLFWInputImplementation:grabMouse:65]: Grab: false
[13:10:13] [Client thread/INFO]: [org.lwjgl.input.GLFWInputImplementation:grabMouse:65]: Grab: true
[13:10:33] [Client thread/INFO]: [org.lwjgl.input.GLFWInputImplementation:grabMouse:65]: Grab: false
[13:10:33] [Server thread/INFO]: Saving and pausing game...
[13:10:33] [Server thread/INFO]: Saving chunks for level 'AOC testing Mod'/overworld
[13:10:35] [Client thread/INFO]: [org.lwjgl.glfw.GLFW:glfwSetWindowSize:1212]: GLFW: Set size for window 491007437920, width=1600, height=719
[13:10:36] [Client thread/INFO]: [org.lwjgl.input.GLFWInputImplementation:grabMouse:65]: Grab: true
[13:10:39] [Client thread/INFO]: [org.lwjgl.input.GLFWInputImplementation:grabMouse:65]: Grab: false
[13:10:39] [Server thread/INFO]: Saving and pausing game...
[13:10:39] [Server thread/INFO]: Saving chunks for level 'AOC testing Mod'/overworld
[13:10:41] [Client thread/INFO]: [org.lwjgl.input.GLFWInputImplementation:grabMouse:65]: Grab: true
[13:10:52] [Client thread/INFO]: [org.lwjgl.input.GLFWInputImplementation:grabMouse:65]: Grab: false
[13:10:52] [Server thread/INFO]: Saving and pausing game...
[13:10:52] [Server thread/INFO]: Saving chunks for level 'AOC testing Mod'/overworld
